ds,y
8/7/2019 10:00,21.906
8/7/2019 9:00,28.874
8/7/2019 8:00,33.087
8/7/2019 7:00,36.375
8/7/2019 6:00,35.021
8/7/2019 5:00,35.259
8/7/2019 4:00,47.041
8/7/2019 3:00,42.43
8/7/2019 2:00,40.292
8/7/2019 1:00,42.371
8/7/2019 0:00,44.745
8/6/2019 23:00,42.705
8/6/2019 22:00,41.484
8/6/2019 21:00,21.911
8/6/2019 20:00,33.938
8/6/2019 19:00,30.203
8/6/2019 18:00,0.068
8/6/2019 17:00,0.075
8/6/2019 16:00,0.081
8/6/2019 15:00,0.076
8/6/2019 14:00,7.388
8/6/2019 13:00,7.395
8/6/2019 12:00,0.213
8/6/2019 11:00,7.543
8/6/2019 10:00,3.888
8/6/2019 9:00,12.347
8/6/2019 8:00,0.114
8/6/2019 7:00,24.002
8/6/2019 6:00,17.075
8/6/2019 5:00,20.804
8/6/2019 4:00,26.342
8/6/2019 3:00,30.026
8/6/2019 2:00,37.872
8/6/2019 1:00,26.838
8/6/2019 0:00,24.183
8/5/2019 23:00,36.826
8/5/2019 22:00,31.746
8/5/2019 21:00,34.295
8/5/2019 20:00,35.973
8/5/2019 19:00,36.999
8/5/2019 18:00,32.047
8/5/2019 17:00,27.205
8/5/2019 16:00,0.548
8/5/2019 15:00,0.639
8/5/2019 14:00,1.236
8/5/2019 13:00,4.286
8/5/2019 12:00,5.059
8/5/2019 11:00,1.14
8/5/2019 10:00,19.6
8/5/2019 9:00,23.281
8/5/2019 8:00,28.181
8/5/2019 7:00,27.579
8/5/2019 6:00,28.034
8/5/2019 5:00,34.648
8/5/2019 4:00,40.562
8/5/2019 3:00,38.193
8/5/2019 2:00,37.14
8/5/2019 1:00,22.717
8/5/2019 0:00,32.25
8/4/2019 23:00,37.161
8/4/2019 22:00,30
8/4/2019 21:00,31.563
8/4/2019 20:00,38.243
8/4/2019 19:00,39.61
8/4/2019 18:00,20.136
8/4/2019 17:00,2.38
8/4/2019 16:00,0
8/4/2019 15:00,0
8/4/2019 14:00,0
8/4/2019 13:00,0
8/4/2019 12:00,0
8/4/2019 11:00,1.109
8/4/2019 10:00,9.878
8/4/2019 9:00,25.853
8/4/2019 8:00,27.577
8/4/2019 7:00,21.554
8/4/2019 6:00,27.385
8/4/2019 5:00,23.939
8/4/2019 4:00,27.234
8/4/2019 3:00,26.346
8/4/2019 2:00,39.067
8/4/2019 1:00,19.8
8/4/2019 0:00,28.078
8/3/2019 23:00,37.875
8/3/2019 22:00,32.966
8/3/2019 21:00,36.866
8/3/2019 20:00,41.914
8/3/2019 19:00,27.415
8/3/2019 18:00,14.453
8/3/2019 17:00,0.798
8/3/2019 16:00,0
8/3/2019 15:00,0
8/3/2019 14:00,0
8/3/2019 13:00,0
8/3/2019 12:00,0
8/3/2019 11:00,0
8/3/2019 10:00,3.118
8/3/2019 9:00,12.858
8/3/2019 8:00,24.774
8/3/2019 7:00,28.718
8/3/2019 6:00,21.245
8/3/2019 5:00,33.981
8/3/2019 4:00,43.222
8/3/2019 3:00,36.156
8/3/2019 2:00,35.317
8/3/2019 1:00,23.945
8/3/2019 0:00,31.357
8/2/2019 23:00,33.787
8/2/2019 22:00,32.123
8/2/2019 21:00,38.397
8/2/2019 20:00,43.36
8/2/2019 19:00,42.89
8/2/2019 18:00,23.63
8/2/2019 17:00,0.075
8/2/2019 16:00,0.061
8/2/2019 15:00,0.063
8/2/2019 14:00,0.068
8/2/2019 13:00,2.761
8/2/2019 12:00,2.715
8/2/2019 11:00,1.518
8/2/2019 10:00,0.817
8/2/2019 9:00,12.978
8/2/2019 8:00,17.443
8/2/2019 7:00,29.034
8/2/2019 6:00,18.139
8/2/2019 5:00,19.842
8/2/2019 4:00,21.422
8/2/2019 3:00,23.715
8/2/2019 2:00,23.954
8/2/2019 1:00,19.887
8/2/2019 0:00,31.114
8/1/2019 23:00,40.66
8/1/2019 22:00,25.063
8/1/2019 21:00,24.21
8/1/2019 20:00,0.061
8/1/2019 19:00,0.063
8/1/2019 18:00,0.064
8/1/2019 17:00,0.065
8/1/2019 16:00,0.076
8/1/2019 15:00,0.068
8/1/2019 14:00,0.063
8/1/2019 13:00,5.803
8/1/2019 12:00,7.045
8/1/2019 11:00,0.418
8/1/2019 10:00,14.224
8/1/2019 9:00,17.051
8/1/2019 8:00,17.555
8/1/2019 7:00,29.925
8/1/2019 6:00,18.088
8/1/2019 5:00,28.467
8/1/2019 4:00,38.068
8/1/2019 3:00,26.037
8/1/2019 2:00,26.007
8/1/2019 1:00,19.215
8/1/2019 0:00,29.412
7/31/2019 23:00,28.878
7/31/2019 22:00,33.504
7/31/2019 21:00,30.694
7/31/2019 20:00,43.181
7/31/2019 19:00,30.632
7/31/2019 18:00,22.757
7/31/2019 17:00,14.335
7/31/2019 16:00,0.628
7/31/2019 15:00,0
7/31/2019 14:00,0
7/31/2019 13:00,0
7/31/2019 12:00,0
7/31/2019 11:00,0
7/31/2019 10:00,0.618
7/31/2019 9:00,12.85
7/31/2019 8:00,25.886
7/31/2019 7:00,32.055
7/31/2019 6:00,19.156
7/31/2019 5:00,23.073
7/31/2019 4:00,36.921
7/31/2019 3:00,28
7/31/2019 2:00,25.816
7/31/2019 1:00,31.259
7/31/2019 0:00,30.511
7/30/2019 23:00,32.282
7/30/2019 22:00,37.816
7/30/2019 21:00,39.172
7/30/2019 20:00,51.558
7/30/2019 19:00,51.665
7/30/2019 18:00,32.416
7/30/2019 17:00,14.727
7/30/2019 16:00,0
7/30/2019 15:00,0
7/30/2019 14:00,0
7/30/2019 13:00,0
7/30/2019 12:00,0
7/30/2019 11:00,0
7/30/2019 10:00,6.394
7/30/2019 9:00,15.463
7/30/2019 8:00,24.811
7/30/2019 7:00,29.745
7/30/2019 6:00,31.973
7/30/2019 5:00,39.494
7/30/2019 4:00,31.032
7/30/2019 3:00,32.221
7/30/2019 2:00,45.707
7/30/2019 1:00,37.609
7/30/2019 0:00,41.629
7/29/2019 23:00,40.236
7/29/2019 22:00,0.066
7/29/2019 21:00,0.067
7/29/2019 20:00,0.066
7/29/2019 19:00,0.067
7/29/2019 18:00,0.069
7/29/2019 17:00,0.088
7/29/2019 16:00,0.07
7/29/2019 15:00,0.064
7/29/2019 14:00,0.065
7/29/2019 13:00,4.576
7/29/2019 12:00,9.023
7/29/2019 11:00,0
7/29/2019 10:00,2.62
7/29/2019 9:00,19.966
7/29/2019 8:00,29.33
7/29/2019 7:00,32.311
7/29/2019 6:00,21.777
7/29/2019 5:00,41.377
7/29/2019 4:00,48.191
7/29/2019 3:00,42.785
7/29/2019 2:00,29.394
7/29/2019 1:00,24.046
7/29/2019 0:00,33.841
7/28/2019 23:00,35.575
7/28/2019 22:00,38.529
7/28/2019 21:00,46.198
7/28/2019 20:00,47.119
7/28/2019 19:00,44.659
7/28/2019 18:00,23.442
7/28/2019 17:00,8.311
7/28/2019 16:00,0.934
7/28/2019 15:00,0
7/28/2019 14:00,0
7/28/2019 13:00,0
7/28/2019 12:00,0
7/28/2019 11:00,0
7/28/2019 10:00,1.48
7/28/2019 9:00,7.812
7/28/2019 8:00,23.39
7/28/2019 7:00,19.848
7/28/2019 6:00,20.97
7/28/2019 5:00,30.47
7/28/2019 4:00,26.136
7/28/2019 3:00,27.166
7/28/2019 2:00,37.502
7/28/2019 1:00,24.175
7/28/2019 0:00,42.082
7/27/2019 23:00,40.043
7/27/2019 22:00,35.506
7/27/2019 21:00,35.052
7/27/2019 20:00,35.467
7/27/2019 19:00,30.928
7/27/2019 18:00,17.664
7/27/2019 17:00,1.919
7/27/2019 16:00,0
7/27/2019 15:00,0
7/27/2019 14:00,0
7/27/2019 13:00,0
7/27/2019 12:00,0
7/27/2019 11:00,0
7/27/2019 10:00,0.829
7/27/2019 9:00,10.055
7/27/2019 8:00,15.738
7/27/2019 7:00,28.974
7/27/2019 6:00,24.627
7/27/2019 5:00,36.073
7/27/2019 4:00,37.211
7/27/2019 3:00,25.255
7/27/2019 2:00,27.769
7/27/2019 1:00,26.936
7/27/2019 0:00,19.879
7/26/2019 23:00,40.789
7/26/2019 22:00,39.759
7/26/2019 21:00,40.558
7/26/2019 20:00,41.54
7/26/2019 19:00,49.388
7/26/2019 18:00,21.559
7/26/2019 17:00,6.375
7/26/2019 16:00,0
7/26/2019 15:00,0.961
7/26/2019 14:00,0
7/26/2019 13:00,0
7/26/2019 12:00,10.666
7/26/2019 11:00,3.432
7/26/2019 10:00,17.602
7/26/2019 9:00,22.001
7/26/2019 8:00,26.169
7/26/2019 7:00,20.348
7/26/2019 6:00,30.496
7/26/2019 5:00,21.878
7/26/2019 4:00,27.64
7/26/2019 3:00,26.821
7/26/2019 2:00,26.795
7/26/2019 1:00,21.083
7/26/2019 0:00,45.993
7/25/2019 23:00,46.22
7/25/2019 22:00,28.213
7/25/2019 21:00,34.262
7/25/2019 20:00,38.282
7/25/2019 19:00,41.708
7/25/2019 18:00,25.795
7/25/2019 17:00,33.056
7/25/2019 16:00,11.439
7/25/2019 15:00,17.159
7/25/2019 14:00,8.493
7/25/2019 13:00,0
7/25/2019 12:00,2.665
7/25/2019 11:00,0.619
7/25/2019 10:00,10.891
7/25/2019 9:00,18.736
7/25/2019 8:00,24.6
7/25/2019 7:00,28.461
7/25/2019 6:00,21.143
7/25/2019 5:00,41.82
7/25/2019 4:00,43.949
7/25/2019 3:00,40.303
7/25/2019 2:00,30.999
7/25/2019 1:00,26.421
7/25/2019 0:00,31.356
7/24/2019 23:00,34.843
7/24/2019 22:00,29.253
7/24/2019 21:00,48.477
7/24/2019 20:00,50.477
7/24/2019 19:00,43.846
7/24/2019 18:00,28.759
7/24/2019 17:00,9.435
7/24/2019 16:00,2.793
7/24/2019 15:00,3.255
7/24/2019 14:00,0
7/24/2019 13:00,0
7/24/2019 12:00,0.626
7/24/2019 11:00,1.032
7/24/2019 10:00,9.696
7/24/2019 9:00,10.38
7/24/2019 8:00,24.599
7/24/2019 7:00,25.715
7/24/2019 6:00,25.85
7/24/2019 5:00,34.392
7/24/2019 4:00,41.593
7/24/2019 3:00,28.231
7/24/2019 2:00,35.064
7/24/2019 1:00,24.304
7/24/2019 0:00,30.638
7/23/2019 23:00,37.577
7/23/2019 22:00,38.999
7/23/2019 21:00,46.577
7/23/2019 20:00,49.396
7/23/2019 19:00,49.153
7/23/2019 18:00,33.198
7/23/2019 17:00,19.119
7/23/2019 16:00,1.956
7/23/2019 15:00,0
7/23/2019 14:00,0
7/23/2019 13:00,0
7/23/2019 12:00,0
7/23/2019 11:00,0.058
7/23/2019 10:00,11.553
7/23/2019 9:00,14.341
7/23/2019 8:00,25.069
7/23/2019 7:00,34.82
7/23/2019 6:00,26.373
7/23/2019 5:00,40.45
7/23/2019 4:00,33.483
7/23/2019 3:00,27.643
7/23/2019 2:00,38.77
7/23/2019 1:00,27.543
7/23/2019 0:00,29.283
7/22/2019 23:00,36.02
7/22/2019 22:00,35.92
7/22/2019 21:00,31.789
7/22/2019 20:00,32.496
7/22/2019 19:00,37.146
7/22/2019 18:00,19.291
7/22/2019 17:00,7.87
7/22/2019 16:00,3.299
7/22/2019 15:00,2.128
7/22/2019 14:00,0.586
7/22/2019 13:00,0
7/22/2019 12:00,0
7/22/2019 11:00,1.552
7/22/2019 10:00,2.546
7/22/2019 9:00,12.126
7/22/2019 8:00,25.378
7/22/2019 7:00,18.886
7/22/2019 6:00,18.231
7/22/2019 5:00,30.59
7/22/2019 4:00,36.58
7/22/2019 3:00,25.102
7/22/2019 2:00,22.515
7/22/2019 1:00,26.863
7/22/2019 0:00,44.157
7/21/2019 23:00,44.289
7/21/2019 22:00,25.928
7/21/2019 21:00,36.796
7/21/2019 20:00,40.979
7/21/2019 19:00,41.717
7/21/2019 18:00,26.777
7/21/2019 17:00,6.509
7/21/2019 16:00,6.543
7/21/2019 15:00,0
7/21/2019 14:00,0
7/21/2019 13:00,0
7/21/2019 12:00,0
7/21/2019 11:00,1.273
7/21/2019 10:00,0.566
7/21/2019 9:00,11.109
7/21/2019 8:00,15.457
7/21/2019 7:00,29.91
7/21/2019 6:00,18.248
7/21/2019 5:00,30.326
7/21/2019 4:00,27.93
7/21/2019 3:00,25.4
7/21/2019 2:00,25.28
7/21/2019 1:00,25.599
7/21/2019 0:00,27.324
7/20/2019 23:00,25.591
7/20/2019 22:00,22.731
7/20/2019 21:00,26.115
7/20/2019 20:00,41.803
7/20/2019 19:00,29.808
7/20/2019 18:00,18.003
7/20/2019 17:00,1.769
7/20/2019 16:00,0
7/20/2019 15:00,0
7/20/2019 14:00,0
7/20/2019 13:00,0.584
7/20/2019 12:00,2.954
7/20/2019 11:00,18.432
7/20/2019 10:00,21.125
7/20/2019 9:00,24.466
7/20/2019 8:00,50.961
7/20/2019 7:00,47.008
7/20/2019 6:00,47.898
7/20/2019 5:00,52.313
7/20/2019 4:00,62.798
7/20/2019 3:00,51.72
7/20/2019 2:00,63.634
7/20/2019 1:00,47.642
7/20/2019 0:00,47.427
7/19/2019 23:00,61.789
7/19/2019 22:00,55.408
7/19/2019 21:00,48.272
7/19/2019 20:00,68.365
7/19/2019 19:00,58.16
7/19/2019 18:00,52.972
7/19/2019 17:00,37.091
7/19/2019 16:00,25.041
7/19/2019 15:00,14.787
7/19/2019 14:00,1.774
7/19/2019 13:00,3.047
7/19/2019 12:00,6.935
7/19/2019 11:00,2.314
7/19/2019 10:00,12.418
7/19/2019 9:00,23.513
7/19/2019 8:00,23.385
7/19/2019 7:00,32.897
7/19/2019 6:00,32.938
7/19/2019 5:00,22.441
7/19/2019 4:00,22.836
7/19/2019 3:00,30.46
7/19/2019 2:00,29.567
7/19/2019 1:00,31.048
7/19/2019 0:00,31.02
7/18/2019 23:00,29.744
7/18/2019 22:00,28.458
7/18/2019 21:00,34.265
7/18/2019 20:00,47.485
7/18/2019 19:00,33.636
7/18/2019 18:00,22.895
7/18/2019 17:00,7.929
7/18/2019 16:00,0.084
7/18/2019 15:00,0
7/18/2019 14:00,0
7/18/2019 13:00,0
7/18/2019 12:00,0.015
7/18/2019 11:00,0.839
7/18/2019 10:00,4.941
7/18/2019 9:00,14.86
7/18/2019 8:00,22.01
7/18/2019 7:00,21.676
7/18/2019 6:00,29.419
7/18/2019 5:00,29.312
7/18/2019 4:00,36.12
7/18/2019 3:00,23.854
7/18/2019 2:00,31.325
7/18/2019 1:00,19.609
7/18/2019 0:00,36.021
7/17/2019 23:00,33.469
7/17/2019 22:00,23.442
7/17/2019 21:00,32.687
7/17/2019 20:00,34.565
7/17/2019 19:00,31.176
7/17/2019 18:00,20.693
7/17/2019 17:00,4.11
7/17/2019 16:00,0.337
7/17/2019 15:00,0.254
7/17/2019 14:00,0
7/17/2019 13:00,0
7/17/2019 12:00,0
7/17/2019 11:00,0.009
7/17/2019 10:00,2.324
7/17/2019 9:00,16.305
7/17/2019 8:00,19.535
7/17/2019 7:00,29.447
7/17/2019 6:00,30.052
7/17/2019 5:00,40.704
7/17/2019 4:00,38.886
7/17/2019 3:00,37.593
7/17/2019 2:00,34.42
7/17/2019 1:00,29.176
7/17/2019 0:00,29.59
7/16/2019 23:00,36.396
7/16/2019 22:00,41.674
7/16/2019 21:00,46.888
7/16/2019 20:00,51.006
7/16/2019 19:00,55.183
7/16/2019 18:00,47.281
7/16/2019 17:00,20.676
7/16/2019 16:00,3.496
7/16/2019 15:00,0.975
7/16/2019 14:00,0
7/16/2019 13:00,1.468
7/16/2019 12:00,0.26
7/16/2019 11:00,0.039
7/16/2019 10:00,1.535
7/16/2019 9:00,13.148
7/16/2019 8:00,28.957
7/16/2019 7:00,26.283
7/16/2019 6:00,19.918
7/16/2019 5:00,30.751
7/16/2019 4:00,29.625
7/16/2019 3:00,28.302
7/16/2019 2:00,37.085
7/16/2019 1:00,33.027
7/16/2019 0:00,33.03
7/15/2019 23:00,41.902
7/15/2019 22:00,33.479
7/15/2019 21:00,29.754
7/15/2019 20:00,31.697
7/15/2019 19:00,36.895
7/15/2019 18:00,26.12
7/15/2019 17:00,9.611
7/15/2019 16:00,0.197
7/15/2019 15:00,0
7/15/2019 14:00,0.341
7/15/2019 13:00,0.896
7/15/2019 12:00,3.115
7/15/2019 11:00,0.043
7/15/2019 10:00,2.244
7/15/2019 9:00,9.087
7/15/2019 8:00,23.871
7/15/2019 7:00,29.583
7/15/2019 6:00,20.205
7/15/2019 5:00,30.511
7/15/2019 4:00,36.583
7/15/2019 3:00,30.122
7/15/2019 2:00,28.645
7/15/2019 1:00,28.549
7/15/2019 0:00,28.279
7/14/2019 23:00,24.272
7/14/2019 22:00,24.035
7/14/2019 21:00,33.818
7/14/2019 20:00,41.59
7/14/2019 19:00,40.848
7/14/2019 18:00,23.197
7/14/2019 17:00,0.853
7/14/2019 16:00,0
7/14/2019 15:00,0
7/14/2019 14:00,0
7/14/2019 13:00,0
7/14/2019 12:00,0
7/14/2019 11:00,0
7/14/2019 10:00,0.273
7/14/2019 9:00,9.505
7/14/2019 8:00,23.605
7/14/2019 7:00,19.366
7/14/2019 6:00,19.789
7/14/2019 5:00,25.159
7/14/2019 4:00,24.064
7/14/2019 3:00,33.857
7/14/2019 2:00,34.792
7/14/2019 1:00,33.473
7/14/2019 0:00,33.384
7/13/2019 23:00,41.856
7/13/2019 22:00,35.816
7/13/2019 21:00,38.029
7/13/2019 20:00,34.75
7/13/2019 19:00,34.453
7/13/2019 18:00,19.413
7/13/2019 17:00,4.936
7/13/2019 16:00,0.188
7/13/2019 15:00,0
7/13/2019 14:00,0
7/13/2019 13:00,0
7/13/2019 12:00,0
7/13/2019 11:00,0
7/13/2019 10:00,0.007
7/13/2019 9:00,9.972
7/13/2019 8:00,17.677
7/13/2019 7:00,29.424
7/13/2019 6:00,31.422
7/13/2019 5:00,35.444
7/13/2019 4:00,36.999
7/13/2019 3:00,24.828
7/13/2019 2:00,36.624
7/13/2019 1:00,29.009
7/13/2019 0:00,28.936
7/12/2019 23:00,29.568
7/12/2019 22:00,32.897
7/12/2019 21:00,37.278
7/12/2019 20:00,29.817
7/12/2019 19:00,34.241
7/12/2019 18:00,20.91
7/12/2019 17:00,10.211
7/12/2019 16:00,7.199
7/12/2019 15:00,11.681
7/12/2019 14:00,0
7/12/2019 13:00,0
7/12/2019 12:00,0.001
7/12/2019 11:00,0
7/12/2019 10:00,7.059
7/12/2019 9:00,14.282
7/12/2019 8:00,25.66
7/12/2019 7:00,25.387
7/12/2019 6:00,24.313
7/12/2019 5:00,19.12
7/12/2019 4:00,21.355
7/12/2019 3:00,19.703
7/12/2019 2:00,24.023
7/12/2019 1:00,27.061
7/12/2019 0:00,27.652
7/11/2019 23:00,34.908
7/11/2019 22:00,23.619
7/11/2019 21:00,25.857
7/11/2019 20:00,28.907
7/11/2019 19:00,22.721
7/11/2019 18:00,16.089
7/11/2019 17:00,3.754
7/11/2019 16:00,0.031
7/11/2019 15:00,0
7/11/2019 14:00,0
7/11/2019 13:00,0
7/11/2019 12:00,0
7/11/2019 11:00,8.605
7/11/2019 10:00,3.951
7/11/2019 9:00,5.02
7/11/2019 8:00,14.323
7/11/2019 7:00,19.823
7/11/2019 6:00,30.479
7/11/2019 5:00,26.65
7/11/2019 4:00,33.497
7/11/2019 3:00,22.887
7/11/2019 2:00,25.661
7/11/2019 1:00,25.134
7/11/2019 0:00,34.502
7/10/2019 23:00,23.442
7/10/2019 22:00,34.022
7/10/2019 21:00,23.768
7/10/2019 20:00,28.261
7/10/2019 19:00,20.092
7/10/2019 18:00,13.051
7/10/2019 17:00,1.326
7/10/2019 16:00,0
7/10/2019 15:00,0
7/10/2019 14:00,0
7/10/2019 13:00,0
7/10/2019 12:00,0.002
7/10/2019 11:00,0.231
7/10/2019 10:00,4.528
7/10/2019 9:00,14.377
7/10/2019 8:00,26.454
7/10/2019 7:00,18.561
7/10/2019 6:00,18.76
7/10/2019 5:00,30.603
7/10/2019 4:00,22.843
7/10/2019 3:00,26.858
7/10/2019 2:00,30.135
7/10/2019 1:00,29.276
7/10/2019 0:00,25.408
7/9/2019 23:00,28.284
7/9/2019 22:00,18.69
7/9/2019 21:00,20.344
7/9/2019 20:00,20.412
7/9/2019 19:00,21.012
7/9/2019 18:00,19.254
7/9/2019 17:00,0.723
7/9/2019 16:00,0
7/9/2019 15:00,0
7/9/2019 14:00,0
7/9/2019 13:00,0
7/9/2019 12:00,0
7/9/2019 11:00,0
7/9/2019 10:00,0
7/9/2019 9:00,3.468
7/9/2019 8:00,25.032
7/9/2019 7:00,24.51
7/9/2019 6:00,25.093
7/9/2019 5:00,31.74
7/9/2019 4:00,30.255
7/9/2019 3:00,26.828
7/9/2019 2:00,25.737
7/9/2019 1:00,25.726
7/9/2019 0:00,24.483
7/8/2019 23:00,24.214
7/8/2019 22:00,21.715
7/8/2019 21:00,21.692
7/8/2019 20:00,20.292
7/8/2019 19:00,20.805
7/8/2019 18:00,4.857
7/8/2019 17:00,0.423
7/8/2019 16:00,0
7/8/2019 15:00,0
7/8/2019 14:00,0
7/8/2019 13:00,0
7/8/2019 12:00,0
7/8/2019 11:00,0
7/8/2019 10:00,1.83
7/8/2019 9:00,10.015
7/8/2019 8:00,27.749
7/8/2019 7:00,22.528
7/8/2019 6:00,24.711
7/8/2019 5:00,30.555
7/8/2019 4:00,24.438
7/8/2019 3:00,25.174
7/8/2019 2:00,29.242
7/8/2019 1:00,27.881
7/8/2019 0:00,33.434
7/7/2019 23:00,36.218
7/7/2019 22:00,29.607
7/7/2019 21:00,22.183
7/7/2019 20:00,22.295
7/7/2019 19:00,21.272
7/7/2019 18:00,12.712
7/7/2019 17:00,0
7/7/2019 16:00,0
7/7/2019 15:00,0
7/7/2019 14:00,0
7/7/2019 13:00,0
7/7/2019 12:00,0
7/7/2019 11:00,0
7/7/2019 10:00,4.612
7/7/2019 9:00,16.246
7/7/2019 8:00,22.198
7/7/2019 7:00,27.233
7/7/2019 6:00,24.479
7/7/2019 5:00,31.28
7/7/2019 4:00,27.368
7/7/2019 3:00,25.853
7/7/2019 2:00,38.677
7/7/2019 1:00,34.154
7/7/2019 0:00,30.248
7/6/2019 23:00,38.401
7/6/2019 22:00,36.861
7/6/2019 21:00,40.247
7/6/2019 20:00,36.435
7/6/2019 19:00,33.198
7/6/2019 18:00,21.47
7/6/2019 17:00,5.785
7/6/2019 16:00,3.817
7/6/2019 15:00,0
7/6/2019 14:00,0
7/6/2019 13:00,0
7/6/2019 12:00,0
7/6/2019 11:00,0
7/6/2019 10:00,0.194
7/6/2019 9:00,14.115
7/6/2019 8:00,25.652
7/6/2019 7:00,19.18
7/6/2019 6:00,20.018
7/6/2019 5:00,31.291
7/6/2019 4:00,33.82
7/6/2019 3:00,25.158
7/6/2019 2:00,25.431
7/6/2019 1:00,25.333
7/6/2019 0:00,40.33
7/5/2019 23:00,40.258
7/5/2019 22:00,25.269
7/5/2019 21:00,26.952
7/5/2019 20:00,29.336
7/5/2019 19:00,29.682
7/5/2019 18:00,17.893
7/5/2019 17:00,7.549
7/5/2019 16:00,0
7/5/2019 15:00,0
7/5/2019 14:00,0
7/5/2019 13:00,0
7/5/2019 12:00,0
7/5/2019 11:00,0
7/5/2019 10:00,11.205
7/5/2019 9:00,17.255
7/5/2019 8:00,25.126
7/5/2019 7:00,28.251
7/5/2019 6:00,21.951
7/5/2019 5:00,30.901
7/5/2019 4:00,30.069
7/5/2019 3:00,23.862
7/5/2019 2:00,25.73
7/5/2019 1:00,28.664
7/5/2019 0:00,32.707
7/4/2019 23:00,30.072
7/4/2019 22:00,27.725
7/4/2019 21:00,32.562
7/4/2019 20:00,41.151
7/4/2019 19:00,35.378
7/4/2019 18:00,20.47
7/4/2019 17:00,0.118
7/4/2019 16:00,0
7/4/2019 15:00,0
7/4/2019 14:00,0
7/4/2019 13:00,0
7/4/2019 12:00,0
7/4/2019 11:00,0
7/4/2019 10:00,0.682
7/4/2019 9:00,13.747
7/4/2019 8:00,21.845
7/4/2019 7:00,21.831
7/4/2019 6:00,27.302
7/4/2019 5:00,22.333
7/4/2019 4:00,34.687
7/4/2019 3:00,23.764
7/4/2019 2:00,26.612
7/4/2019 1:00,25.16
7/4/2019 0:00,28.118
7/3/2019 23:00,34.293
7/3/2019 22:00,34.309
7/3/2019 21:00,27.165
7/3/2019 20:00,39.167
7/3/2019 19:00,30.64
7/3/2019 18:00,18.173
7/3/2019 17:00,5.212
7/3/2019 16:00,5.641
7/3/2019 15:00,0
7/3/2019 14:00,0
7/3/2019 13:00,0
7/3/2019 12:00,0.301
7/3/2019 11:00,0
7/3/2019 10:00,2.523
7/3/2019 9:00,10.504
7/3/2019 8:00,16.383
7/3/2019 7:00,30.444
7/3/2019 6:00,21.153
7/3/2019 5:00,31.199
7/3/2019 4:00,37.027
7/3/2019 3:00,27.732
7/3/2019 2:00,30.972
7/3/2019 1:00,29.862
7/3/2019 0:00,30.348
7/2/2019 23:00,25.994
7/2/2019 22:00,28.185
7/2/2019 21:00,30.966
7/2/2019 20:00,36.203
7/2/2019 19:00,37.135
7/2/2019 18:00,28.292
7/2/2019 17:00,3.734
7/2/2019 16:00,0
7/2/2019 15:00,0
7/2/2019 14:00,0
7/2/2019 13:00,0
7/2/2019 12:00,0
7/2/2019 11:00,2.199
7/2/2019 10:00,0.887
7/2/2019 9:00,7.446
7/2/2019 8:00,24.594
7/2/2019 7:00,23.793
7/2/2019 6:00,27.813
7/2/2019 5:00,28.429
7/2/2019 4:00,29.918
7/2/2019 3:00,36.236
7/2/2019 2:00,32.594
7/2/2019 1:00,38.631
7/2/2019 0:00,36.927
7/1/2019 23:00,36.176
7/1/2019 22:00,45.497
7/1/2019 21:00,44.614
7/1/2019 20:00,44.256
7/1/2019 19:00,35.643
7/1/2019 18:00,18.739
7/1/2019 17:00,9.5
7/1/2019 16:00,6.001
7/1/2019 15:00,0.079
7/1/2019 14:00,0
7/1/2019 13:00,0
7/1/2019 12:00,0
7/1/2019 11:00,2.713
7/1/2019 10:00,3.014
7/1/2019 9:00,6.294
7/1/2019 8:00,23.843
7/1/2019 7:00,23.555
7/1/2019 6:00,33.416
7/1/2019 5:00,40.182
7/1/2019 4:00,40.197
7/1/2019 3:00,29.236
7/1/2019 2:00,31.277
7/1/2019 1:00,28.383
7/1/2019 0:00,25.061
6/30/2019 23:00,21.768
6/30/2019 22:00,23.689
6/30/2019 21:00,31.681
6/30/2019 20:00,28.841
6/30/2019 19:00,26.379
6/30/2019 18:00,17.481
6/30/2019 17:00,0
6/30/2019 16:00,0
6/30/2019 15:00,0
6/30/2019 14:00,0
6/30/2019 13:00,0
6/30/2019 12:00,0
6/30/2019 11:00,0
6/30/2019 10:00,0.471
6/30/2019 9:00,9.615
6/30/2019 8:00,13.763
6/30/2019 7:00,19.146
6/30/2019 6:00,28.08
6/30/2019 5:00,19.742
6/30/2019 4:00,18.254
6/30/2019 3:00,19.2
6/30/2019 2:00,19.969
6/30/2019 1:00,25.837
6/30/2019 0:00,27.183
6/29/2019 23:00,33.005
6/29/2019 22:00,22.668
6/29/2019 21:00,32.42
6/29/2019 20:00,27.81
6/29/2019 19:00,19.526
6/29/2019 18:00,11.143
6/29/2019 17:00,0
6/29/2019 16:00,0
6/29/2019 15:00,0
6/29/2019 14:00,0
6/29/2019 13:00,0
6/29/2019 12:00,0
6/29/2019 11:00,0
6/29/2019 10:00,0
6/29/2019 9:00,3.092
6/29/2019 8:00,13.043
6/29/2019 7:00,29.216
6/29/2019 6:00,17.907
6/29/2019 5:00,32.454
6/29/2019 4:00,35.594
6/29/2019 3:00,18.069
6/29/2019 2:00,25.299
6/29/2019 1:00,24.57
6/29/2019 0:00,25.208
6/28/2019 23:00,23.616
6/28/2019 22:00,18.589
6/28/2019 21:00,19.813
6/28/2019 20:00,27.936
6/28/2019 19:00,22.91
6/28/2019 18:00,11.523
6/28/2019 17:00,7.937
6/28/2019 16:00,0.326
6/28/2019 15:00,0.46
6/28/2019 14:00,0.535
6/28/2019 13:00,0.336
6/28/2019 12:00,0.439
6/28/2019 11:00,2.866
6/28/2019 10:00,20.55
6/28/2019 9:00,20.55
6/28/2019 8:00,16.2
6/28/2019 7:00,20.109
6/28/2019 6:00,20.313
6/28/2019 5:00,23.295
6/28/2019 4:00,19.437
6/28/2019 3:00,20.423
6/28/2019 2:00,24.178
6/28/2019 1:00,26.638
6/28/2019 0:00,28.997
6/27/2019 23:00,36.798
6/27/2019 22:00,20.608
6/27/2019 21:00,26.368
6/27/2019 20:00,33.083
6/27/2019 19:00,26.591
6/27/2019 18:00,15.165
6/27/2019 17:00,2.873
6/27/2019 16:00,3.872
6/27/2019 15:00,0.742
6/27/2019 14:00,1.683
6/27/2019 13:00,1.683
6/27/2019 12:00,2.579
6/27/2019 11:00,0.899
6/27/2019 10:00,1.503
6/27/2019 9:00,5.991
6/27/2019 8:00,12.948
6/27/2019 7:00,30.149
6/27/2019 6:00,19.755
6/27/2019 5:00,30.056
6/27/2019 4:00,37.457
6/27/2019 3:00,25.317
6/27/2019 2:00,25.725
6/27/2019 1:00,28.395
6/27/2019 0:00,35.075
6/26/2019 23:00,26.554
6/26/2019 22:00,29.9
6/26/2019 21:00,23.611
6/26/2019 20:00,26.076
6/26/2019 19:00,24.525
6/26/2019 18:00,7.787
6/26/2019 17:00,0.063
6/26/2019 16:00,9.457
6/26/2019 15:00,10.321
6/26/2019 14:00,10.434
6/26/2019 13:00,8.855
6/26/2019 12:00,12.936
6/26/2019 11:00,0.713
6/26/2019 10:00,0.559
6/26/2019 9:00,6.913
6/26/2019 8:00,21.799
6/26/2019 7:00,17.984
6/26/2019 6:00,18.868
6/26/2019 5:00,31.707
6/26/2019 4:00,24.072
6/26/2019 3:00,25.621
6/26/2019 2:00,26.753
6/26/2019 1:00,29.158
6/26/2019 0:00,41.266
6/25/2019 23:00,38.201
6/25/2019 22:00,28.047
6/25/2019 21:00,23.204
6/25/2019 20:00,24.747
6/25/2019 19:00,28.26
6/25/2019 18:00,15.015
6/25/2019 17:00,3.959
6/25/2019 16:00,0.214
6/25/2019 15:00,0.134
6/25/2019 14:00,0
6/25/2019 13:00,0
6/25/2019 12:00,0
6/25/2019 11:00,0
6/25/2019 10:00,4.254
6/25/2019 9:00,4.538
6/25/2019 8:00,18.322
6/25/2019 7:00,26.994
6/25/2019 6:00,19.963
6/25/2019 5:00,40.123
6/25/2019 4:00,28.081
6/25/2019 3:00,25.134
6/25/2019 2:00,37.528
6/25/2019 1:00,29.394
6/25/2019 0:00,27.025
6/24/2019 23:00,34.32
6/24/2019 22:00,23.227
6/24/2019 21:00,28.753
6/24/2019 20:00,28.952
6/24/2019 19:00,30.758
6/24/2019 18:00,20.517
6/24/2019 17:00,12.001
6/24/2019 16:00,0.081
6/24/2019 15:00,0
6/24/2019 14:00,0
6/24/2019 13:00,0
6/24/2019 12:00,0
6/24/2019 11:00,11.08
6/24/2019 10:00,13.235
6/24/2019 9:00,10.761
6/24/2019 8:00,24.232
6/24/2019 7:00,25.181
6/24/2019 6:00,19.61
6/24/2019 5:00,33.108
6/24/2019 4:00,33.801
6/24/2019 3:00,23.815
6/24/2019 2:00,25.929
6/24/2019 1:00,26.46
6/24/2019 0:00,35.639
6/23/2019 23:00,39.479
6/23/2019 22:00,30.32
6/23/2019 21:00,39.487
6/23/2019 20:00,42.637
6/23/2019 19:00,33.294
6/23/2019 18:00,26.911
6/23/2019 17:00,4.939
6/23/2019 16:00,0
6/23/2019 15:00,0
6/23/2019 14:00,0
6/23/2019 13:00,0
6/23/2019 12:00,0
6/23/2019 11:00,0
6/23/2019 10:00,1.217
6/23/2019 9:00,15.411
6/23/2019 8:00,17.819
6/23/2019 7:00,25.634
6/23/2019 6:00,18.714
6/23/2019 5:00,33.233
6/23/2019 4:00,19.313
6/23/2019 3:00,19.602
6/23/2019 2:00,25.195
6/23/2019 1:00,27.958
6/23/2019 0:00,32.153
6/22/2019 23:00,36.16
6/22/2019 22:00,37.901
6/22/2019 21:00,29.658
6/22/2019 20:00,43.384
6/22/2019 19:00,30.799
6/22/2019 18:00,17.493
6/22/2019 17:00,4.821
6/22/2019 16:00,0
6/22/2019 15:00,0
6/22/2019 14:00,0
6/22/2019 13:00,0
6/22/2019 12:00,0
6/22/2019 11:00,0
6/22/2019 10:00,0
6/22/2019 9:00,9.218
6/22/2019 8:00,17.227
6/22/2019 7:00,21.669
6/22/2019 6:00,23.139
6/22/2019 5:00,33.786
6/22/2019 4:00,34.051
6/22/2019 3:00,23.512
6/22/2019 2:00,31.433
6/22/2019 1:00,32.078
6/22/2019 0:00,33.637
6/21/2019 23:00,43.876
6/21/2019 22:00,27.128
6/21/2019 21:00,29.545
6/21/2019 20:00,34.018
6/21/2019 19:00,31.18
6/21/2019 18:00,20.862
6/21/2019 17:00,13.931
6/21/2019 16:00,0
6/21/2019 15:00,0
6/21/2019 14:00,0
6/21/2019 13:00,0
6/21/2019 12:00,0
6/21/2019 11:00,4.107
6/21/2019 10:00,9.129
6/21/2019 9:00,8.941
6/21/2019 8:00,21.044
6/21/2019 7:00,34.597
6/21/2019 6:00,26.757
6/21/2019 5:00,24.457
6/21/2019 4:00,27.658
6/21/2019 3:00,26.798
6/21/2019 2:00,28.449
6/21/2019 1:00,28.957
6/21/2019 0:00,30.591
6/20/2019 23:00,28.126
6/20/2019 22:00,29.517
6/20/2019 21:00,30.817
6/20/2019 20:00,37.628
6/20/2019 19:00,33.845
6/20/2019 18:00,17.737
6/20/2019 17:00,3.372
6/20/2019 16:00,7.5
6/20/2019 15:00,5.157
6/20/2019 14:00,0
6/20/2019 13:00,0
6/20/2019 12:00,0
6/20/2019 11:00,17.317
6/20/2019 10:00,31.776
6/20/2019 9:00,28.026
6/20/2019 8:00,21.099
6/20/2019 7:00,21.772
6/20/2019 6:00,20.783
6/20/2019 5:00,35.044
6/20/2019 4:00,26.476
6/20/2019 3:00,26.767
6/20/2019 2:00,28.064
6/20/2019 1:00,27.323
6/20/2019 0:00,36.691
6/19/2019 23:00,34.921
6/19/2019 22:00,29.722
6/19/2019 21:00,28.914
6/19/2019 20:00,37.347
6/19/2019 19:00,38.412
6/19/2019 18:00,28.013
6/19/2019 17:00,11.559
6/19/2019 16:00,20.678
6/19/2019 15:00,20.655
6/19/2019 14:00,0.18
6/19/2019 13:00,0
6/19/2019 12:00,0.014
6/19/2019 11:00,0.053
6/19/2019 10:00,13.347
6/19/2019 9:00,21.809
6/19/2019 8:00,17.235
6/19/2019 7:00,28.878
6/19/2019 6:00,19.671
6/19/2019 5:00,35.382
6/19/2019 4:00,37.456
6/19/2019 3:00,26.906
6/19/2019 2:00,34.859
6/19/2019 1:00,31.403
6/19/2019 0:00,28.206
6/18/2019 23:00,27.537
6/18/2019 22:00,29.892
6/18/2019 21:00,27.132
6/18/2019 20:00,36.427
6/18/2019 19:00,35.465
6/18/2019 18:00,25.253
6/18/2019 17:00,11.781
6/18/2019 16:00,0.774
6/18/2019 15:00,0.109
6/18/2019 14:00,0.097
6/18/2019 13:00,0
6/18/2019 12:00,0
6/18/2019 11:00,5.444
6/18/2019 10:00,9.006
6/18/2019 9:00,15.791
6/18/2019 8:00,30.805
6/18/2019 7:00,24.134
6/18/2019 6:00,37.269
6/18/2019 5:00,36.248
6/18/2019 4:00,36.274
6/18/2019 3:00,37.993
6/18/2019 2:00,37.78
6/18/2019 1:00,39.656
6/18/2019 0:00,42.53
6/17/2019 23:00,50.911
6/17/2019 22:00,53.598
6/17/2019 21:00,49.079
6/17/2019 20:00,63.823
6/17/2019 19:00,55.799
6/17/2019 18:00,47.522
6/17/2019 17:00,33.56
6/17/2019 16:00,26.349
6/17/2019 15:00,2.849
6/17/2019 14:00,0
6/17/2019 13:00,0
6/17/2019 12:00,0
6/17/2019 11:00,0
6/17/2019 10:00,0
6/17/2019 9:00,4.464
6/17/2019 8:00,28.789
6/17/2019 7:00,27.294
6/17/2019 6:00,31.272
6/17/2019 5:00,31.555
6/17/2019 4:00,35.378
6/17/2019 3:00,26.885
6/17/2019 2:00,27.331
6/17/2019 1:00,27.633
6/17/2019 0:00,26.999
6/16/2019 23:00,25.364
6/16/2019 22:00,22.889
6/16/2019 21:00,26.468
6/16/2019 20:00,25.537
6/16/2019 19:00,21.92
6/16/2019 18:00,13.39
6/16/2019 17:00,1.186
6/16/2019 16:00,0
6/16/2019 15:00,0
6/16/2019 14:00,0
6/16/2019 13:00,0
6/16/2019 12:00,0
6/16/2019 11:00,2.309
6/16/2019 10:00,11.555
6/16/2019 9:00,19.919
6/16/2019 8:00,22.378
6/16/2019 7:00,23.43
6/16/2019 6:00,22.503
6/16/2019 5:00,24.165
6/16/2019 4:00,23.262
6/16/2019 3:00,29.604
6/16/2019 2:00,32.417
6/16/2019 1:00,29.786
6/16/2019 0:00,39.478
6/15/2019 23:00,41.62
6/15/2019 22:00,29.518
6/15/2019 21:00,24.417
6/15/2019 20:00,24.248
6/15/2019 19:00,21.797
6/15/2019 18:00,13.818
6/15/2019 17:00,0
6/15/2019 16:00,0
6/15/2019 15:00,0
6/15/2019 14:00,0
6/15/2019 13:00,0
6/15/2019 12:00,0
6/15/2019 11:00,10.382
6/15/2019 10:00,13.082
6/15/2019 9:00,19.693
6/15/2019 8:00,22.171
6/15/2019 7:00,31.847
6/15/2019 6:00,23.043
6/15/2019 5:00,35.758
6/15/2019 4:00,47.228
6/15/2019 3:00,30.523
6/15/2019 2:00,32.012
6/15/2019 1:00,29.792
6/15/2019 0:00,32.232
6/14/2019 23:00,26.483
6/14/2019 22:00,25.265
6/14/2019 21:00,29.274
6/14/2019 20:00,34.701
6/14/2019 19:00,32.754
6/14/2019 18:00,23.57
6/14/2019 17:00,0.363
6/14/2019 16:00,14.335
6/14/2019 15:00,14.845
6/14/2019 14:00,6.478
6/14/2019 13:00,6.555
6/14/2019 12:00,4.89
6/14/2019 11:00,12.701
6/14/2019 10:00,19.528
6/14/2019 9:00,27.083
6/14/2019 8:00,38.236
6/14/2019 7:00,35.984
6/14/2019 6:00,29.664
6/14/2019 5:00,26.712
6/14/2019 4:00,25.085
6/14/2019 3:00,23.645
6/14/2019 2:00,32.173
6/14/2019 1:00,30.575
6/14/2019 0:00,42.892
6/13/2019 23:00,43.912
6/13/2019 22:00,39.024
6/13/2019 21:00,39.311
6/13/2019 20:00,51.112
6/13/2019 19:00,51.129
6/13/2019 18:00,20.862
6/13/2019 17:00,11.465
6/13/2019 16:00,23.2
6/13/2019 15:00,24.305
6/13/2019 14:00,3.624
6/13/2019 13:00,5.145
6/13/2019 12:00,0.414
6/13/2019 11:00,17.03
6/13/2019 10:00,25.368
6/13/2019 9:00,19.686
6/13/2019 8:00,30.913
6/13/2019 7:00,21.831
6/13/2019 6:00,26.924
6/13/2019 5:00,36.447
6/13/2019 4:00,45.563
6/13/2019 3:00,30.774
6/13/2019 2:00,41.364
6/13/2019 1:00,34.69
6/13/2019 0:00,34.707
6/12/2019 23:00,33.345
6/12/2019 22:00,41.232
6/12/2019 21:00,34.217
6/12/2019 20:00,46.841
6/12/2019 19:00,43.367
6/12/2019 18:00,29.921
6/12/2019 17:00,19.884
6/12/2019 16:00,6.811
6/12/2019 15:00,4.251
6/12/2019 14:00,1.127
6/12/2019 13:00,1.477
6/12/2019 12:00,24.893
6/12/2019 11:00,29.323
6/12/2019 10:00,11.745
6/12/2019 9:00,40.699
6/12/2019 8:00,27.275
6/12/2019 7:00,23.904
6/12/2019 6:00,31.463
6/12/2019 5:00,38.142
6/12/2019 4:00,39.97
6/12/2019 3:00,28.86
6/12/2019 2:00,29.156
6/12/2019 1:00,36.878
6/12/2019 0:00,53.265
6/11/2019 23:00,46.748
6/11/2019 22:00,37.159
6/11/2019 21:00,49.363
6/11/2019 20:00,47.641
6/11/2019 19:00,41.882
6/11/2019 18:00,41.44
6/11/2019 17:00,16.531
6/11/2019 16:00,8.05
6/11/2019 15:00,5.51
6/11/2019 14:00,10.503
6/11/2019 13:00,8.286
6/11/2019 12:00,3.309
6/11/2019 11:00,11.819
6/11/2019 10:00,9.923
6/11/2019 9:00,32.267
6/11/2019 8:00,39.566
6/11/2019 7:00,37.323
6/11/2019 6:00,21.314
6/11/2019 5:00,36.03
6/11/2019 4:00,27.97
6/11/2019 3:00,34.062
6/11/2019 2:00,29.043
6/11/2019 1:00,34.655
6/11/2019 0:00,36.065
6/10/2019 23:00,32.618
6/10/2019 22:00,28.213
6/10/2019 21:00,40.144
6/10/2019 20:00,41.408
6/10/2019 19:00,37.364
6/10/2019 18:00,31.996
6/10/2019 17:00,11.965
6/10/2019 16:00,5.916
6/10/2019 15:00,6.086
6/10/2019 14:00,2.051
6/10/2019 13:00,2.105
6/10/2019 12:00,10.241
6/10/2019 11:00,4.632
6/10/2019 10:00,11.902
6/10/2019 9:00,29.727
6/10/2019 8:00,28.576
6/10/2019 7:00,20.376
6/10/2019 6:00,22.009
6/10/2019 5:00,39.73
6/10/2019 4:00,33.567
6/10/2019 3:00,40.507
6/10/2019 2:00,41.224
6/10/2019 1:00,34.242
6/10/2019 0:00,34.373
6/9/2019 23:00,40.217
6/9/2019 22:00,31.074
6/9/2019 21:00,31.99
6/9/2019 20:00,39.045
6/9/2019 19:00,37.687
6/9/2019 18:00,25.338
6/9/2019 17:00,12.556
6/9/2019 16:00,4.897
6/9/2019 15:00,2.501
6/9/2019 14:00,0
6/9/2019 13:00,0
6/9/2019 12:00,0
6/9/2019 11:00,0
6/9/2019 10:00,2.107
6/9/2019 9:00,18.344
6/9/2019 8:00,23.72
6/9/2019 7:00,22.207
6/9/2019 6:00,31.349
6/9/2019 5:00,31.537
6/9/2019 4:00,35.428
6/9/2019 3:00,38.223
6/9/2019 2:00,31.654
6/9/2019 1:00,30.454
6/9/2019 0:00,36.589
6/8/2019 23:00,27.338
6/8/2019 22:00,34.345
6/8/2019 21:00,35.743
6/8/2019 20:00,33.875
6/8/2019 19:00,33.197
6/8/2019 18:00,20.507
6/8/2019 17:00,0.157
6/8/2019 16:00,0
6/8/2019 15:00,0
6/8/2019 14:00,0
6/8/2019 13:00,0
6/8/2019 12:00,0
6/8/2019 11:00,0
6/8/2019 10:00,0
6/8/2019 9:00,4.371
6/8/2019 8:00,24.118
6/8/2019 7:00,18.85
6/8/2019 6:00,21.099
6/8/2019 5:00,35.702
6/8/2019 4:00,30.158
6/8/2019 3:00,27.552
6/8/2019 2:00,24.271
6/8/2019 1:00,30.029
6/8/2019 0:00,31.068
6/7/2019 23:00,36.682
6/7/2019 22:00,27.513
6/7/2019 21:00,30.14
6/7/2019 20:00,31.078
6/7/2019 19:00,22.752
6/7/2019 18:00,24.709
6/7/2019 17:00,11.223
6/7/2019 16:00,0
6/7/2019 15:00,0.008
6/7/2019 14:00,0.225
6/7/2019 13:00,1.258
6/7/2019 12:00,0.17
6/7/2019 11:00,0.203
6/7/2019 10:00,2.473
6/7/2019 9:00,5.7
6/7/2019 8:00,20.904
6/7/2019 7:00,28.463
6/7/2019 6:00,20.541
6/7/2019 5:00,21.318
6/7/2019 4:00,25.562
6/7/2019 3:00,24.415
6/7/2019 2:00,24.863
6/7/2019 1:00,30.825
6/7/2019 0:00,31.45
6/6/2019 23:00,21.98
6/6/2019 22:00,21.37
6/6/2019 21:00,21.539
6/6/2019 20:00,21.866
6/6/2019 19:00,15.442
6/6/2019 18:00,11.952
6/6/2019 17:00,1.765
6/6/2019 16:00,0.498
6/6/2019 15:00,0.595
6/6/2019 14:00,0.485
6/6/2019 13:00,0.344
6/6/2019 12:00,0.555
6/6/2019 11:00,2.847
6/6/2019 10:00,0
6/6/2019 9:00,4.886
6/6/2019 8:00,14.074
6/6/2019 7:00,18.473
6/6/2019 6:00,20.84
6/6/2019 5:00,29.775
6/6/2019 4:00,31.173
6/6/2019 3:00,29.726
6/6/2019 2:00,33.011
6/6/2019 1:00,29.505
6/6/2019 0:00,35.09
6/5/2019 23:00,37.535
6/5/2019 22:00,33.787
6/5/2019 21:00,30.761
6/5/2019 20:00,41.829
6/5/2019 19:00,36.147
6/5/2019 18:00,27.346
6/5/2019 17:00,18.863
6/5/2019 16:00,13.978
6/5/2019 15:00,12.945
6/5/2019 14:00,0.552
6/5/2019 13:00,7.518
6/5/2019 12:00,2.52
6/5/2019 11:00,0.015
6/5/2019 10:00,9.909
6/5/2019 9:00,23.583
6/5/2019 8:00,24.794
6/5/2019 7:00,25.725
6/5/2019 6:00,20.141
6/5/2019 5:00,31.927
6/5/2019 4:00,37.671
6/5/2019 3:00,25.598
6/5/2019 2:00,26.635
6/5/2019 1:00,36.45
6/5/2019 0:00,36.095
6/4/2019 23:00,29.914
6/4/2019 22:00,30.781
6/4/2019 21:00,27.058
6/4/2019 20:00,35.49
6/4/2019 19:00,35.003
6/4/2019 18:00,25.657
6/4/2019 17:00,9.89
6/4/2019 16:00,1.29
6/4/2019 15:00,2.25
6/4/2019 14:00,2.156
6/4/2019 13:00,0.15
6/4/2019 12:00,1.312
6/4/2019 11:00,0.496
6/4/2019 10:00,0.188
6/4/2019 9:00,5.628
6/4/2019 8:00,16.394
6/4/2019 7:00,20.656
6/4/2019 6:00,21.877
6/4/2019 5:00,23.517
6/4/2019 4:00,25.365
6/4/2019 3:00,20.308
6/4/2019 2:00,25.728
6/4/2019 1:00,31.661
6/4/2019 0:00,33.139
6/3/2019 23:00,37.73
6/3/2019 22:00,31.145
6/3/2019 21:00,32.102
6/3/2019 20:00,32.637
6/3/2019 19:00,29.396
6/3/2019 18:00,19.112
6/3/2019 17:00,1.89
6/3/2019 16:00,0
6/3/2019 15:00,0
6/3/2019 14:00,0
6/3/2019 13:00,0
6/3/2019 12:00,0
6/3/2019 11:00,0
6/3/2019 10:00,0.167
6/3/2019 9:00,15.417
6/3/2019 8:00,21.849
6/3/2019 7:00,22.218
6/3/2019 6:00,23.372
6/3/2019 5:00,39.196
6/3/2019 4:00,40.619
6/3/2019 3:00,34.479
6/3/2019 2:00,36.55
6/3/2019 1:00,42.316
6/3/2019 0:00,40.212
6/2/2019 23:00,34.616
6/2/2019 22:00,34.34
6/2/2019 21:00,31.113
6/2/2019 20:00,31.107
6/2/2019 19:00,16.982
6/2/2019 18:00,16.663
6/2/2019 17:00,4.96
6/2/2019 16:00,0
6/2/2019 15:00,0
6/2/2019 14:00,0
6/2/2019 13:00,0
6/2/2019 12:00,0
6/2/2019 11:00,0
6/2/2019 10:00,15.545
6/2/2019 9:00,24.574
6/2/2019 8:00,28.313
6/2/2019 7:00,29.588
6/2/2019 6:00,30.606
6/2/2019 5:00,30.047
6/2/2019 4:00,27.51
6/2/2019 3:00,28.286
6/2/2019 2:00,32.996
6/2/2019 1:00,37.047
6/2/2019 0:00,38.987
6/1/2019 23:00,41.112
6/1/2019 22:00,36.19
6/1/2019 21:00,32.77
6/1/2019 20:00,31.458
6/1/2019 19:00,32.289
6/1/2019 18:00,15.586
6/1/2019 17:00,0.48
6/1/2019 16:00,0
6/1/2019 15:00,0
6/1/2019 14:00,0
6/1/2019 13:00,0
6/1/2019 12:00,0
6/1/2019 11:00,0
6/1/2019 10:00,9.733
6/1/2019 9:00,17.037
6/1/2019 8:00,19.529
6/1/2019 7:00,19.512
6/1/2019 6:00,28.649
6/1/2019 5:00,35.081
6/1/2019 4:00,34.541
6/1/2019 3:00,26.126
6/1/2019 2:00,29.033
6/1/2019 1:00,31.684
6/1/2019 0:00,33.388
5/31/2019 23:00,25.148
5/31/2019 22:00,24.245
5/31/2019 21:00,26.271
5/31/2019 20:00,26.926
5/31/2019 19:00,27.22
5/31/2019 18:00,25.879
5/31/2019 17:00,11.265
5/31/2019 16:00,0.865
5/31/2019 15:00,0.046
5/31/2019 14:00,0
5/31/2019 13:00,0
5/31/2019 12:00,0
5/31/2019 11:00,0.126
5/31/2019 10:00,10.475
5/31/2019 9:00,19.134
5/31/2019 8:00,17.722
5/31/2019 7:00,22.084
5/31/2019 6:00,21.345
5/31/2019 5:00,20.934
5/31/2019 4:00,19.961
5/31/2019 3:00,20.135
5/31/2019 2:00,26.393
5/31/2019 1:00,23.155
5/31/2019 0:00,30.521
5/30/2019 23:00,29.42
5/30/2019 22:00,25.6
5/30/2019 21:00,22.314
5/30/2019 20:00,22.44
5/30/2019 19:00,10.338
5/30/2019 18:00,10.694
5/30/2019 17:00,0.255
5/30/2019 16:00,0.255
5/30/2019 15:00,0
5/30/2019 14:00,0
5/30/2019 13:00,0
5/30/2019 12:00,0
5/30/2019 11:00,1.331
5/30/2019 10:00,13.666
5/30/2019 9:00,19.574
5/30/2019 8:00,29.774
5/30/2019 7:00,21.92
5/30/2019 6:00,22.286
5/30/2019 5:00,24.306
5/30/2019 4:00,29.978
5/30/2019 3:00,28.171
5/30/2019 2:00,25.674
5/30/2019 1:00,27.738
5/30/2019 0:00,27.896
5/29/2019 23:00,36.876
5/29/2019 22:00,25.194
5/29/2019 21:00,22.453
5/29/2019 20:00,21.925
5/29/2019 19:00,20.2
5/29/2019 18:00,7.717
5/29/2019 17:00,0
5/29/2019 16:00,0
5/29/2019 15:00,0
5/29/2019 14:00,0
5/29/2019 13:00,0
5/29/2019 12:00,0
5/29/2019 11:00,0
5/29/2019 10:00,0.011
5/29/2019 9:00,7.334
5/29/2019 8:00,15.143
5/29/2019 7:00,20.87
5/29/2019 6:00,28.586
5/29/2019 5:00,31.069
5/29/2019 4:00,25.636
5/29/2019 3:00,20.366
5/29/2019 2:00,25.854
5/29/2019 1:00,24.386
5/29/2019 0:00,27.532
5/28/2019 23:00,25.006
5/28/2019 22:00,23.924
5/28/2019 21:00,21.508
5/28/2019 20:00,22.067
5/28/2019 19:00,17.124
5/28/2019 18:00,10.034
5/28/2019 17:00,0
5/28/2019 16:00,0
5/28/2019 15:00,0
5/28/2019 14:00,0
5/28/2019 13:00,0
5/28/2019 12:00,0
5/28/2019 11:00,0
5/28/2019 10:00,0.013
5/28/2019 9:00,9.772
5/28/2019 8:00,14.55
5/28/2019 7:00,20.221
5/28/2019 6:00,20.045
5/28/2019 5:00,21.421
5/28/2019 4:00,24.329
5/28/2019 3:00,19.93
5/28/2019 2:00,25.444
5/28/2019 1:00,25.596
5/28/2019 0:00,30.15
5/27/2019 23:00,32.635
5/27/2019 22:00,24.595
5/27/2019 21:00,19.391
5/27/2019 20:00,19.407
5/27/2019 19:00,13.424
5/27/2019 18:00,2.902
5/27/2019 17:00,0
5/27/2019 16:00,1.012
5/27/2019 15:00,0
5/27/2019 14:00,0
5/27/2019 13:00,0
5/27/2019 12:00,0
5/27/2019 11:00,0
5/27/2019 10:00,0
5/27/2019 9:00,6.263
5/27/2019 8:00,17.872
5/27/2019 7:00,22.922
5/27/2019 6:00,25.518
5/27/2019 5:00,37.885
5/27/2019 4:00,45.858
5/27/2019 3:00,47.596
5/27/2019 2:00,28.9
5/27/2019 1:00,32.587
5/27/2019 0:00,40.847
5/26/2019 23:00,42.625
5/26/2019 22:00,27.326
5/26/2019 21:00,31.805
5/26/2019 20:00,29.222
5/26/2019 19:00,21.264
5/26/2019 18:00,15.833
5/26/2019 17:00,6.343
5/26/2019 16:00,3.396
5/26/2019 15:00,5.327
5/26/2019 14:00,1.799
5/26/2019 13:00,2.302
5/26/2019 12:00,9.505
5/26/2019 11:00,8.992
5/26/2019 10:00,15.813
5/26/2019 9:00,20.632
5/26/2019 8:00,25.42
5/26/2019 7:00,27.267
5/26/2019 6:00,28.761
5/26/2019 5:00,28.201
5/26/2019 4:00,23.972
5/26/2019 3:00,23.112
5/26/2019 2:00,19.952
5/26/2019 1:00,30.299
5/26/2019 0:00,25.092
5/25/2019 23:00,34.256
5/25/2019 22:00,19.515
5/25/2019 21:00,19.755
5/25/2019 20:00,18.259
5/25/2019 19:00,11.526
5/25/2019 18:00,2.115
5/25/2019 17:00,0
5/25/2019 16:00,2.828
5/25/2019 15:00,1.958
5/25/2019 14:00,0.176
5/25/2019 13:00,0
5/25/2019 12:00,0
5/25/2019 11:00,0
5/25/2019 10:00,2.345
5/25/2019 9:00,6.982
5/25/2019 8:00,12.326
5/25/2019 7:00,19.746
5/25/2019 6:00,21.571
5/25/2019 5:00,21.197
5/25/2019 4:00,24.72
5/25/2019 3:00,19.471
5/25/2019 2:00,17.474
5/25/2019 1:00,19.387
5/25/2019 0:00,22.69
5/24/2019 23:00,19.896
5/24/2019 22:00,18.459
5/24/2019 21:00,23.138
5/24/2019 20:00,17.829
5/24/2019 19:00,11.899
5/24/2019 18:00,2.746
5/24/2019 17:00,1.85
5/24/2019 16:00,0.085
5/24/2019 15:00,0
5/24/2019 14:00,0
5/24/2019 13:00,0.415
5/24/2019 12:00,18.613
5/24/2019 11:00,17.517
5/24/2019 10:00,19.19
5/24/2019 9:00,22.183
5/24/2019 8:00,24.252
5/24/2019 7:00,19.155
5/24/2019 6:00,18.54
5/24/2019 5:00,19.052
5/24/2019 4:00,19.151
5/24/2019 3:00,18.966
5/24/2019 2:00,19.844
5/24/2019 1:00,19.706
5/24/2019 0:00,20.923
5/23/2019 23:00,20.162
5/23/2019 22:00,19.803
5/23/2019 21:00,19.757
5/23/2019 20:00,19.802
5/23/2019 19:00,14.985
5/23/2019 18:00,8.819
5/23/2019 17:00,10.811
5/23/2019 16:00,12.7
5/23/2019 15:00,13.484
5/23/2019 14:00,10.693
5/23/2019 13:00,0.088
5/23/2019 12:00,0
5/23/2019 11:00,0
5/23/2019 10:00,2.625
5/23/2019 9:00,8.45
5/23/2019 8:00,15.505
5/23/2019 7:00,18.863
5/23/2019 6:00,18.871
5/23/2019 5:00,21.709
5/23/2019 4:00,19.624
5/23/2019 3:00,19.375
5/23/2019 2:00,18.056
5/23/2019 1:00,18.604
5/23/2019 0:00,18.066
5/22/2019 23:00,21.149
5/22/2019 22:00,29.517
5/22/2019 21:00,27.081
5/22/2019 20:00,25.224
5/22/2019 19:00,23.639
5/22/2019 18:00,9.602
5/22/2019 17:00,3.69
5/22/2019 16:00,7.962
5/22/2019 15:00,6.136
5/22/2019 14:00,0.94
5/22/2019 13:00,0.323
5/22/2019 12:00,0.323
5/22/2019 11:00,0
5/22/2019 10:00,15.625
5/22/2019 9:00,12.738
5/22/2019 8:00,20.838
5/22/2019 7:00,18.642
5/22/2019 6:00,25.801
5/22/2019 5:00,33.639
5/22/2019 4:00,25.905
5/22/2019 3:00,25.43
5/22/2019 2:00,19.643
5/22/2019 1:00,18.251
5/22/2019 0:00,19.689
5/21/2019 23:00,19.043
5/21/2019 22:00,23.698
5/21/2019 21:00,23.195
5/21/2019 20:00,19.717
5/21/2019 19:00,15.752
5/21/2019 18:00,9.985
5/21/2019 17:00,5.301
5/21/2019 16:00,4.839
5/21/2019 15:00,13.231
5/21/2019 14:00,11.097
5/21/2019 13:00,17.806
5/21/2019 12:00,23.276
5/21/2019 11:00,23.846
5/21/2019 10:00,24.428
5/21/2019 9:00,25.122
5/21/2019 8:00,35.654
5/21/2019 7:00,42.389
5/21/2019 6:00,36.6
5/21/2019 5:00,32.139
5/21/2019 4:00,31.615
5/21/2019 3:00,32.096
5/21/2019 2:00,30.852
5/21/2019 1:00,31.695
5/21/2019 0:00,31.48
5/20/2019 23:00,34.356
5/20/2019 22:00,32.731
5/20/2019 21:00,32.095
5/20/2019 20:00,32.006
5/20/2019 19:00,24.819
5/20/2019 18:00,6.334
5/20/2019 17:00,3.485
5/20/2019 16:00,2.541
5/20/2019 15:00,0
5/20/2019 14:00,0.021
5/20/2019 13:00,5.537
5/20/2019 12:00,6.848
5/20/2019 11:00,10.662
5/20/2019 10:00,10.022
5/20/2019 9:00,28.162
5/20/2019 8:00,37.089
5/20/2019 7:00,38.896
5/20/2019 6:00,36.598
5/20/2019 5:00,31.587
5/20/2019 4:00,31.86
5/20/2019 3:00,31.988
5/20/2019 2:00,33.354
5/20/2019 1:00,31.339
5/20/2019 0:00,39.899
5/19/2019 23:00,33.785
5/19/2019 22:00,28.447
5/19/2019 21:00,28.202
5/19/2019 20:00,27.71
5/19/2019 19:00,27.045
5/19/2019 18:00,24.445
5/19/2019 17:00,21.818
5/19/2019 16:00,12.362
5/19/2019 15:00,2.871
5/19/2019 14:00,22.344
5/19/2019 13:00,21.558
5/19/2019 12:00,17.549
5/19/2019 11:00,17.274
5/19/2019 10:00,22.043
5/19/2019 9:00,26.593
5/19/2019 8:00,30.072
5/19/2019 7:00,36.069
5/19/2019 6:00,41.031
5/19/2019 5:00,39.692
5/19/2019 4:00,37.516
5/19/2019 3:00,37.805
5/19/2019 2:00,36.485
5/19/2019 1:00,32.105
5/19/2019 0:00,33.383
5/18/2019 23:00,34.846
5/18/2019 22:00,29.794
5/18/2019 21:00,27.31
5/18/2019 20:00,28.91
5/18/2019 19:00,41.22
5/18/2019 18:00,34.855
5/18/2019 17:00,30.212
5/18/2019 16:00,24.006
5/18/2019 15:00,23.261
5/18/2019 14:00,23.162
5/18/2019 13:00,27.475
5/18/2019 12:00,27.783
5/18/2019 11:00,28.473
5/18/2019 10:00,29.272
5/18/2019 9:00,23.635
5/18/2019 8:00,26.069
5/18/2019 7:00,28.247
5/18/2019 6:00,27.57
5/18/2019 5:00,25.507
5/18/2019 4:00,36.411
5/18/2019 3:00,33.613
5/18/2019 2:00,26.488
5/18/2019 1:00,26.694
5/18/2019 0:00,26.143
5/17/2019 23:00,24.247
5/17/2019 22:00,26.662
5/17/2019 21:00,30.153
5/17/2019 20:00,25.349
5/17/2019 19:00,20.197
5/17/2019 18:00,9.828
5/17/2019 17:00,0
5/17/2019 16:00,0
5/17/2019 15:00,0
5/17/2019 14:00,0.02
5/17/2019 13:00,3.384
5/17/2019 12:00,3.357
5/17/2019 11:00,9.924
5/17/2019 10:00,18.591
5/17/2019 9:00,20.632
5/17/2019 8:00,26.075
5/17/2019 7:00,34.709
5/17/2019 6:00,36.248
5/17/2019 5:00,36.36
5/17/2019 4:00,32.322
5/17/2019 3:00,36.99
5/17/2019 2:00,40.234
5/17/2019 1:00,30.52
5/17/2019 0:00,31.821
5/16/2019 23:00,32.369
5/16/2019 22:00,33.131
5/16/2019 21:00,27.416
5/16/2019 20:00,31.561
5/16/2019 19:00,28.36
5/16/2019 18:00,32.086
5/16/2019 17:00,27.257
5/16/2019 16:00,22.327
5/16/2019 15:00,21.207
5/16/2019 14:00,26.494
5/16/2019 13:00,22.343
5/16/2019 12:00,28.657
5/16/2019 11:00,28.795
5/16/2019 10:00,19.932
5/16/2019 9:00,46.04
5/16/2019 8:00,47.463
5/16/2019 7:00,45.351
5/16/2019 6:00,39.672
5/16/2019 5:00,39.03
5/16/2019 4:00,42.465
5/16/2019 3:00,38.132
5/16/2019 2:00,36.256
5/16/2019 1:00,34.917
5/16/2019 0:00,34.061
5/15/2019 23:00,33.71
5/15/2019 22:00,32.207
5/15/2019 21:00,33.651
5/15/2019 20:00,35.64
5/15/2019 19:00,48.823
5/15/2019 18:00,48.052
5/15/2019 17:00,36.414
5/15/2019 16:00,37.056
5/15/2019 15:00,34.626
5/15/2019 14:00,34.918
5/15/2019 13:00,29.75
5/15/2019 12:00,32.592
5/15/2019 11:00,34.364
5/15/2019 10:00,28.036
5/15/2019 9:00,30
5/15/2019 8:00,30.674
5/15/2019 7:00,31.799
5/15/2019 6:00,30.512
5/15/2019 5:00,25.875
5/15/2019 4:00,25.852
5/15/2019 3:00,25.699
5/15/2019 2:00,27.418
5/15/2019 1:00,27.163
5/15/2019 0:00,27.657
5/14/2019 23:00,28.16
5/14/2019 22:00,27.803
5/14/2019 21:00,32.698
5/14/2019 20:00,31.444
5/14/2019 19:00,29.754
5/14/2019 18:00,22.184
5/14/2019 17:00,18.847
5/14/2019 16:00,20.572
5/14/2019 15:00,22.139
5/14/2019 14:00,15.696
5/14/2019 13:00,13.894
5/14/2019 12:00,26.081
5/14/2019 11:00,14.725
5/14/2019 10:00,22.654
5/14/2019 9:00,24.291
5/14/2019 8:00,24.973
5/14/2019 7:00,30.514
5/14/2019 6:00,28.856
5/14/2019 5:00,34.044
5/14/2019 4:00,36.125
5/14/2019 3:00,34.059
5/14/2019 2:00,35.931
5/14/2019 1:00,37.712
5/14/2019 0:00,37.945
5/13/2019 23:00,39.706
5/13/2019 22:00,32.272
5/13/2019 21:00,28.29
5/13/2019 20:00,27.336
5/13/2019 19:00,25.095
5/13/2019 18:00,13.877
5/13/2019 17:00,3.111
5/13/2019 16:00,5.797
5/13/2019 15:00,0.001
5/13/2019 14:00,0
5/13/2019 13:00,0
5/13/2019 12:00,0
5/13/2019 11:00,0
5/13/2019 10:00,0.483
5/13/2019 9:00,12.937
5/13/2019 8:00,30.693
5/13/2019 7:00,32.155
5/13/2019 6:00,29.771
5/13/2019 5:00,36.862
5/13/2019 4:00,36.416
5/13/2019 3:00,33.507
5/13/2019 2:00,29.557
5/13/2019 1:00,33.305
5/13/2019 0:00,37.766
5/12/2019 23:00,38.39
5/12/2019 22:00,29.689
5/12/2019 21:00,30.234
5/12/2019 20:00,30.34
5/12/2019 19:00,24.99
5/12/2019 18:00,24.528
5/12/2019 17:00,1.182
5/12/2019 16:00,0
5/12/2019 15:00,0
5/12/2019 14:00,0
5/12/2019 13:00,0
5/12/2019 12:00,0
5/12/2019 11:00,0.091
5/12/2019 10:00,18.558
5/12/2019 9:00,26.133
5/12/2019 8:00,26.609
5/12/2019 7:00,28.379
5/12/2019 6:00,28.286
5/12/2019 5:00,28.453
5/12/2019 4:00,28.978
5/12/2019 3:00,29.642
5/12/2019 2:00,31.475
5/12/2019 1:00,33.232
5/12/2019 0:00,37.982
5/11/2019 23:00,40.948
5/11/2019 22:00,32.234
5/11/2019 21:00,29.39
5/11/2019 20:00,31.141
5/11/2019 19:00,34.007
5/11/2019 18:00,30.041
5/11/2019 17:00,18.794
5/11/2019 16:00,0
5/11/2019 15:00,0
5/11/2019 14:00,0
5/11/2019 13:00,0
5/11/2019 12:00,0
5/11/2019 11:00,0
5/11/2019 10:00,3.789
5/11/2019 9:00,18.424
5/11/2019 8:00,25.561
5/11/2019 7:00,29.664
5/11/2019 6:00,38.177
5/11/2019 5:00,41.096
5/11/2019 4:00,33.642
5/11/2019 3:00,34.122
5/11/2019 2:00,30.449
5/11/2019 1:00,37.491
5/11/2019 0:00,37.443
5/10/2019 23:00,34.257
5/10/2019 22:00,31.997
5/10/2019 21:00,29.638
5/10/2019 20:00,29.981
5/10/2019 19:00,26.248
5/10/2019 18:00,14.131
5/10/2019 17:00,7.004
5/10/2019 16:00,0
5/10/2019 15:00,0
5/10/2019 14:00,0
5/10/2019 13:00,0
5/10/2019 12:00,0
5/10/2019 11:00,0
5/10/2019 10:00,2.498
5/10/2019 9:00,14.458
5/10/2019 8:00,23.223
5/10/2019 7:00,27.191
5/10/2019 6:00,26.676
5/10/2019 5:00,28.553
5/10/2019 4:00,30.892
5/10/2019 3:00,32.19
5/10/2019 2:00,32.823
5/10/2019 1:00,36.065
5/10/2019 0:00,36.054
5/9/2019 23:00,45.251
5/9/2019 22:00,30.512
5/9/2019 21:00,33.765
5/9/2019 20:00,30.896
5/9/2019 19:00,28.994
5/9/2019 18:00,18.816
5/9/2019 17:00,15.785
5/9/2019 16:00,12.919
5/9/2019 15:00,12.785
5/9/2019 14:00,14.024
5/9/2019 13:00,21.446
5/9/2019 12:00,25.215
5/9/2019 11:00,19.436
5/9/2019 10:00,22.26
5/9/2019 9:00,28.477
5/9/2019 8:00,26.769
5/9/2019 7:00,30.47
5/9/2019 6:00,38.032
5/9/2019 5:00,37.239
5/9/2019 4:00,43.341
5/9/2019 3:00,35.278
5/9/2019 2:00,33.247
5/9/2019 1:00,32.387
5/9/2019 0:00,35.099
5/8/2019 23:00,34.189
5/8/2019 22:00,32.256
5/8/2019 21:00,32.741
5/8/2019 20:00,29.273
5/8/2019 19:00,23.827
5/8/2019 18:00,13.544
5/8/2019 17:00,0.282
5/8/2019 16:00,0
5/8/2019 15:00,0
5/8/2019 14:00,0
5/8/2019 13:00,0
5/8/2019 12:00,9.549
5/8/2019 11:00,14.678
5/8/2019 10:00,24.787
5/8/2019 9:00,27.476
5/8/2019 8:00,34.926
5/8/2019 7:00,33.948
5/8/2019 6:00,28.351
5/8/2019 5:00,27.609
5/8/2019 4:00,31.528
5/8/2019 3:00,26.6
5/8/2019 2:00,26.944
5/8/2019 1:00,34.266
5/8/2019 0:00,35.747
5/7/2019 23:00,34.888
5/7/2019 22:00,28.827
5/7/2019 21:00,31.8
5/7/2019 20:00,28.657
5/7/2019 19:00,24.187
5/7/2019 18:00,8.896
5/7/2019 17:00,0.246
5/7/2019 16:00,0
5/7/2019 15:00,0
5/7/2019 14:00,0
5/7/2019 13:00,0
5/7/2019 12:00,0
5/7/2019 11:00,0.838
5/7/2019 10:00,22.516
5/7/2019 9:00,24.914
5/7/2019 8:00,33.459
5/7/2019 7:00,29.41
5/7/2019 6:00,29.43
5/7/2019 5:00,27.918
5/7/2019 4:00,29.508
5/7/2019 3:00,27.864
5/7/2019 2:00,30.02
5/7/2019 1:00,37.749
5/7/2019 0:00,36.732
5/6/2019 23:00,37.4
5/6/2019 22:00,27.926
5/6/2019 21:00,27.787
5/6/2019 20:00,27.995
5/6/2019 19:00,24.181
5/6/2019 18:00,18.342
5/6/2019 17:00,18.615
5/6/2019 16:00,15.299
5/6/2019 15:00,1.053
5/6/2019 14:00,2.809
5/6/2019 13:00,14.61
5/6/2019 12:00,24.92
5/6/2019 11:00,25.189
5/6/2019 10:00,25.248
5/6/2019 9:00,24.383
5/6/2019 8:00,34.153
5/6/2019 7:00,28.718
5/6/2019 6:00,35.216
5/6/2019 5:00,27.608
5/6/2019 4:00,33.034
5/6/2019 3:00,33.195
5/6/2019 2:00,32.32
5/6/2019 1:00,40.24
5/6/2019 0:00,40.962
5/5/2019 23:00,40.698
5/5/2019 22:00,29.21
5/5/2019 21:00,28.207
5/5/2019 20:00,28.052
5/5/2019 19:00,18.481
5/5/2019 18:00,9.843
5/5/2019 17:00,0.712
5/5/2019 16:00,0
5/5/2019 15:00,0
5/5/2019 14:00,0
5/5/2019 13:00,0
5/5/2019 12:00,0
5/5/2019 11:00,2.66
5/5/2019 10:00,14.935
5/5/2019 9:00,23.67
5/5/2019 8:00,28.482
5/5/2019 7:00,30.874
5/5/2019 6:00,28.244
5/5/2019 5:00,28.51
5/5/2019 4:00,28.187
5/5/2019 3:00,26.712
5/5/2019 2:00,32.499
5/5/2019 1:00,33.817
5/5/2019 0:00,31.285
5/4/2019 23:00,30.255
5/4/2019 22:00,28.913
5/4/2019 21:00,33.004
5/4/2019 20:00,33.01
5/4/2019 19:00,23.466
5/4/2019 18:00,13.583
5/4/2019 17:00,0.221
5/4/2019 16:00,0
5/4/2019 15:00,0
5/4/2019 14:00,0
5/4/2019 13:00,0
5/4/2019 12:00,0
5/4/2019 11:00,0
5/4/2019 10:00,0
5/4/2019 9:00,18.216
5/4/2019 8:00,27.612
5/4/2019 7:00,42.096
5/4/2019 6:00,39.234
5/4/2019 5:00,37.012
5/4/2019 4:00,34.6
5/4/2019 3:00,34.305
5/4/2019 2:00,36.07
5/4/2019 1:00,34.874
5/4/2019 0:00,41.274
5/3/2019 23:00,43.548
5/3/2019 22:00,32.195
5/3/2019 21:00,32.229
5/3/2019 20:00,35.024
5/3/2019 19:00,35.381
5/3/2019 18:00,22.31
5/3/2019 17:00,15.056
5/3/2019 16:00,0
5/3/2019 15:00,0.077
5/3/2019 14:00,0
5/3/2019 13:00,0.01
5/3/2019 12:00,0
5/3/2019 11:00,0
5/3/2019 10:00,9.237
5/3/2019 9:00,20.664
5/3/2019 8:00,30.373
5/3/2019 7:00,31.775
5/3/2019 6:00,41.822
5/3/2019 5:00,33.507
5/3/2019 4:00,32.618
5/3/2019 3:00,30.793
5/3/2019 2:00,32.58
5/3/2019 1:00,37.548
5/3/2019 0:00,42.855
5/2/2019 23:00,42.155
5/2/2019 22:00,36.037
5/2/2019 21:00,35.975
5/2/2019 20:00,33.825
5/2/2019 19:00,27.237
5/2/2019 18:00,24.106
5/2/2019 17:00,15.151
5/2/2019 16:00,0.436
5/2/2019 15:00,0
5/2/2019 14:00,0
5/2/2019 13:00,0
5/2/2019 12:00,0
5/2/2019 11:00,0
5/2/2019 10:00,0.106
5/2/2019 9:00,13.073
5/2/2019 8:00,24.55
5/2/2019 7:00,29.589
5/2/2019 6:00,29.698
5/2/2019 5:00,28.812
5/2/2019 4:00,34.081
5/2/2019 3:00,32.601
5/2/2019 2:00,27.737
5/2/2019 1:00,37.632
5/2/2019 0:00,34.033
5/1/2019 23:00,30.426
5/1/2019 22:00,30.77
5/1/2019 21:00,27.914
5/1/2019 20:00,28.92
5/1/2019 19:00,29.298
5/1/2019 18:00,10.31
5/1/2019 17:00,2.405
5/1/2019 16:00,0
5/1/2019 15:00,0
5/1/2019 14:00,0
5/1/2019 13:00,0
5/1/2019 12:00,0
5/1/2019 11:00,0.053
5/1/2019 10:00,2.36
5/1/2019 9:00,12.926
5/1/2019 8:00,30.226
5/1/2019 7:00,40.626
5/1/2019 6:00,29.061
5/1/2019 5:00,28.224
5/1/2019 4:00,32.141
5/1/2019 3:00,28.633
5/1/2019 2:00,28.712
5/1/2019 1:00,31.81
5/1/2019 0:00,40.6
4/30/2019 23:00,36.059
4/30/2019 22:00,29.839
4/30/2019 21:00,31.111
4/30/2019 20:00,28.319
4/30/2019 19:00,24.79
4/30/2019 18:00,12.134
4/30/2019 17:00,2.329
4/30/2019 16:00,0.068
4/30/2019 15:00,0
4/30/2019 14:00,0.179
4/30/2019 13:00,3.039
4/30/2019 12:00,2.41
4/30/2019 11:00,5.902
4/30/2019 10:00,13.811
4/30/2019 9:00,19.052
4/30/2019 8:00,26.568
4/30/2019 7:00,30.132
4/30/2019 6:00,29.419
4/30/2019 5:00,28.175
4/30/2019 4:00,29.473
4/30/2019 3:00,27.791
4/30/2019 2:00,32.87
4/30/2019 1:00,35.846
4/30/2019 0:00,39.623
4/29/2019 23:00,37.46
4/29/2019 22:00,31.708
4/29/2019 21:00,28.577
4/29/2019 20:00,28.315
4/29/2019 19:00,24.687
4/29/2019 18:00,17.973
4/29/2019 17:00,2.947
4/29/2019 16:00,0.012
4/29/2019 15:00,0
4/29/2019 14:00,0
4/29/2019 13:00,7.131
4/29/2019 12:00,16.9
4/29/2019 11:00,17.511
4/29/2019 10:00,23.444
4/29/2019 9:00,29.396
4/29/2019 8:00,33.697
4/29/2019 7:00,28.103
4/29/2019 6:00,27.954
4/29/2019 5:00,36.025
4/29/2019 4:00,38.972
4/29/2019 3:00,33.7
4/29/2019 2:00,28.34
4/29/2019 1:00,30.514
4/29/2019 0:00,37.505
4/28/2019 23:00,36.374
4/28/2019 22:00,29.282
4/28/2019 21:00,31.456
4/28/2019 20:00,29.516
4/28/2019 19:00,26.903
4/28/2019 18:00,15.102
4/28/2019 17:00,7.345
4/28/2019 16:00,9.884
4/28/2019 15:00,0
4/28/2019 14:00,0
4/28/2019 13:00,0
4/28/2019 12:00,0
4/28/2019 11:00,0.264
4/28/2019 10:00,13.45
4/28/2019 9:00,20.743
4/28/2019 8:00,27.215
4/28/2019 7:00,30.451
4/28/2019 6:00,30.02
4/28/2019 5:00,30.163
4/28/2019 4:00,27.187
4/28/2019 3:00,28.335
4/28/2019 2:00,35.764
4/28/2019 1:00,38.791
4/28/2019 0:00,40.633
4/27/2019 23:00,37.432
4/27/2019 22:00,36.393
4/27/2019 21:00,34.27
4/27/2019 20:00,34.272
4/27/2019 19:00,27.181
4/27/2019 18:00,17.028
4/27/2019 17:00,3.643
4/27/2019 16:00,0
4/27/2019 15:00,0
4/27/2019 14:00,0
4/27/2019 13:00,0
4/27/2019 12:00,0
4/27/2019 11:00,0
4/27/2019 10:00,0.064
4/27/2019 9:00,13.392
4/27/2019 8:00,26.601
4/27/2019 7:00,29.084
4/27/2019 6:00,36.812
4/27/2019 5:00,38.81
4/27/2019 4:00,40.26
4/27/2019 3:00,33.361
4/27/2019 2:00,30.276
4/27/2019 1:00,38.21
4/27/2019 0:00,39.946
4/26/2019 23:00,41.265
4/26/2019 22:00,30.348
4/26/2019 21:00,32.019
4/26/2019 20:00,34.696
4/26/2019 19:00,35.683
4/26/2019 18:00,21.824
4/26/2019 17:00,1.836
4/26/2019 16:00,0.001
4/26/2019 15:00,0.016
4/26/2019 14:00,0
4/26/2019 13:00,0
4/26/2019 12:00,0
4/26/2019 11:00,0.852
4/26/2019 10:00,14.104
4/26/2019 9:00,22.393
4/26/2019 8:00,33.008
4/26/2019 7:00,25.042
4/26/2019 6:00,22.763
4/26/2019 5:00,21.917
4/26/2019 4:00,23.357
4/26/2019 3:00,18.984
4/26/2019 2:00,24.373
4/26/2019 1:00,30.233
4/26/2019 0:00,27.332
4/25/2019 23:00,33.219
4/25/2019 22:00,25.666
4/25/2019 21:00,25.915
4/25/2019 20:00,27.193
4/25/2019 19:00,29.069
4/25/2019 18:00,21.25
4/25/2019 17:00,10.763
4/25/2019 16:00,0.007
4/25/2019 15:00,0.487
4/25/2019 14:00,0.487
4/25/2019 13:00,0
4/25/2019 12:00,0
4/25/2019 11:00,0.02
4/25/2019 10:00,3.079
4/25/2019 9:00,8.903
4/25/2019 8:00,18.678
4/25/2019 7:00,29.603
4/25/2019 6:00,29.22
4/25/2019 5:00,34.158
4/25/2019 4:00,40.758
4/25/2019 3:00,34.548
4/25/2019 2:00,20.669
4/25/2019 1:00,24.767
4/25/2019 0:00,35.07
4/24/2019 23:00,31.29
4/24/2019 22:00,28.434
4/24/2019 21:00,21.799
4/24/2019 20:00,37.595
4/24/2019 19:00,40.912
4/24/2019 18:00,21.151
4/24/2019 17:00,10.928
4/24/2019 16:00,4.875
4/24/2019 15:00,0.042
4/24/2019 14:00,0
4/24/2019 13:00,0
4/24/2019 12:00,0
4/24/2019 11:00,3.955
4/24/2019 10:00,5.777
4/24/2019 9:00,11.406
4/24/2019 8:00,27.089
4/24/2019 7:00,22.2
4/24/2019 6:00,27.679
4/24/2019 5:00,29.735
4/24/2019 4:00,30.464
4/24/2019 3:00,37.203
4/24/2019 2:00,36.833
4/24/2019 1:00,29.006
4/24/2019 0:00,41.907
4/23/2019 23:00,34.042
4/23/2019 22:00,39.643
4/23/2019 21:00,38.09
4/23/2019 20:00,49.662
4/23/2019 19:00,38.32
4/23/2019 18:00,29.102
4/23/2019 17:00,16.782
4/23/2019 16:00,0.104
4/23/2019 15:00,0
4/23/2019 14:00,0
4/23/2019 13:00,0.038
4/23/2019 12:00,0
4/23/2019 11:00,2.743
4/23/2019 10:00,1.43
4/23/2019 9:00,11.733
4/23/2019 8:00,21.516
4/23/2019 7:00,31.658
4/23/2019 6:00,32.581
4/23/2019 5:00,32.427
4/23/2019 4:00,22.816
4/23/2019 3:00,31.704
4/23/2019 2:00,40.901
4/23/2019 1:00,31.156
4/23/2019 0:00,42.596
4/22/2019 23:00,38.894
4/22/2019 22:00,30.532
4/22/2019 21:00,21.576
4/22/2019 20:00,24.779
4/22/2019 19:00,28.861
4/22/2019 18:00,18.659
4/22/2019 17:00,8.133
4/22/2019 16:00,0
4/22/2019 15:00,0.052
4/22/2019 14:00,0
4/22/2019 13:00,0
4/22/2019 12:00,0
4/22/2019 11:00,0
4/22/2019 10:00,0.062
4/22/2019 9:00,21.695
4/22/2019 8:00,26.968
4/22/2019 7:00,33.27
4/22/2019 6:00,34.048
4/22/2019 5:00,29.1
4/22/2019 4:00,43.521
4/22/2019 3:00,32.326
4/22/2019 2:00,38.072
4/22/2019 1:00,32.874
4/22/2019 0:00,30.087
4/21/2019 23:00,36.426
4/21/2019 22:00,22.757
4/21/2019 21:00,33.852
4/21/2019 20:00,21.811
4/21/2019 19:00,16.603
4/21/2019 18:00,10.743
4/21/2019 17:00,0
4/21/2019 16:00,0
4/21/2019 15:00,0
4/21/2019 14:00,0
4/21/2019 13:00,0
4/21/2019 12:00,0
4/21/2019 11:00,0
4/21/2019 10:00,0
4/21/2019 9:00,12.671
4/21/2019 8:00,24.436
4/21/2019 7:00,39.045
4/21/2019 6:00,34.101
4/21/2019 5:00,41.202
4/21/2019 4:00,30.04
4/21/2019 3:00,37.975
4/21/2019 2:00,28.933
4/21/2019 1:00,28.04
4/21/2019 0:00,34.134
4/20/2019 23:00,37.796
4/20/2019 22:00,26.543
4/20/2019 21:00,24.09
4/20/2019 20:00,24.798
4/20/2019 19:00,21.828
4/20/2019 18:00,16.929
4/20/2019 17:00,2.082
4/20/2019 16:00,0
4/20/2019 15:00,0
4/20/2019 14:00,0
4/20/2019 13:00,0
4/20/2019 12:00,5.6
4/20/2019 11:00,0.034
4/20/2019 10:00,1.006
4/20/2019 9:00,23.123
4/20/2019 8:00,30.809
4/20/2019 7:00,35.909
4/20/2019 6:00,23.694
4/20/2019 5:00,28.741
4/20/2019 4:00,49.82
4/20/2019 3:00,29.87
4/20/2019 2:00,34.323
4/20/2019 1:00,30.685
4/20/2019 0:00,30.227
4/19/2019 23:00,34.776
4/19/2019 22:00,31.155
4/19/2019 21:00,31.067
4/19/2019 20:00,34.442
4/19/2019 19:00,17.368
4/19/2019 18:00,13.198
4/19/2019 17:00,3.186
4/19/2019 16:00,0
4/19/2019 15:00,4.527
4/19/2019 14:00,7.022
4/19/2019 13:00,5.625
4/19/2019 12:00,1.888
4/19/2019 11:00,0
4/19/2019 10:00,1.524
4/19/2019 9:00,13.215
4/19/2019 8:00,29.315
4/19/2019 7:00,38.453
4/19/2019 6:00,37.386
4/19/2019 5:00,36.185
4/19/2019 4:00,36.104
4/19/2019 3:00,21.979
4/19/2019 2:00,31.271
4/19/2019 1:00,27.618
4/19/2019 0:00,30.7
4/18/2019 23:00,33.885
4/18/2019 22:00,33.312
4/18/2019 21:00,30.291
4/18/2019 20:00,31.155
4/18/2019 19:00,36.236
4/18/2019 18:00,32.036
4/18/2019 17:00,20.332
4/18/2019 16:00,6.816
4/18/2019 15:00,0
4/18/2019 14:00,0.205
4/18/2019 13:00,14.847
4/18/2019 12:00,20.462
4/18/2019 11:00,8.121
4/18/2019 10:00,9.324
4/18/2019 9:00,35.418
4/18/2019 8:00,35.316
4/18/2019 7:00,40.681
4/18/2019 6:00,5.326
4/18/2019 5:00,1.281
4/18/2019 4:00,0.82
4/18/2019 3:00,10.481
4/18/2019 2:00,10.43
4/18/2019 1:00,10.48
4/18/2019 0:00,20.339
4/17/2019 23:00,35.858
4/17/2019 22:00,35.765
4/17/2019 21:00,46.046
4/17/2019 20:00,46.074
4/17/2019 19:00,0.784
4/17/2019 18:00,8.764
4/17/2019 17:00,15.199
4/17/2019 16:00,5.218
4/17/2019 15:00,0
4/17/2019 14:00,0.291
4/17/2019 13:00,0.499
4/17/2019 12:00,0.408
4/17/2019 11:00,0.643
4/17/2019 10:00,23.783
4/17/2019 9:00,39.579
4/17/2019 8:00,60.666
4/17/2019 7:00,43.608
4/17/2019 6:00,40.77
4/17/2019 5:00,34.592
4/17/2019 4:00,31.287
4/17/2019 3:00,30.694
4/17/2019 2:00,40.818
4/17/2019 1:00,31.203
4/17/2019 0:00,49.841
4/16/2019 23:00,45.43
4/16/2019 22:00,45.42
4/16/2019 21:00,25.575
4/16/2019 20:00,28.645
4/16/2019 19:00,26.331
4/16/2019 18:00,32.689
4/16/2019 17:00,7.495
4/16/2019 16:00,2.969
4/16/2019 15:00,8.428
4/16/2019 14:00,15.483
4/16/2019 13:00,1.585
4/16/2019 12:00,4.592
4/16/2019 11:00,0
4/16/2019 10:00,7.847
4/16/2019 9:00,13.567
4/16/2019 8:00,29.015
4/16/2019 7:00,30.984
4/16/2019 6:00,40.377
4/16/2019 5:00,34.168
4/16/2019 4:00,37.73
4/16/2019 3:00,35.388
4/16/2019 2:00,28.202
4/16/2019 1:00,30.079
4/16/2019 0:00,31.342
4/15/2019 23:00,32.471
4/15/2019 22:00,30.871
4/15/2019 21:00,31.302
4/15/2019 20:00,46.889
4/15/2019 19:00,40.525
4/15/2019 18:00,28.947
4/15/2019 17:00,12.954
4/15/2019 16:00,18.371
4/15/2019 15:00,16.072
4/15/2019 14:00,9.39
4/15/2019 13:00,9.764
4/15/2019 12:00,17.289
4/15/2019 11:00,2.535
4/15/2019 10:00,7.233
4/15/2019 9:00,21.758
4/15/2019 8:00,41.27
4/15/2019 7:00,33.091
4/15/2019 6:00,38.086
4/15/2019 5:00,33.625
4/15/2019 4:00,28.952
4/15/2019 3:00,29.777
4/15/2019 2:00,39.509
4/15/2019 1:00,35.046
4/15/2019 0:00,30.256
4/14/2019 23:00,31.399
4/14/2019 22:00,31.112
4/14/2019 21:00,39.64
4/14/2019 20:00,32.766
4/14/2019 19:00,17.743
4/14/2019 18:00,9.922
4/14/2019 17:00,3.356
4/14/2019 16:00,0.247
4/14/2019 15:00,0
4/14/2019 14:00,0
4/14/2019 13:00,0
4/14/2019 12:00,0
4/14/2019 11:00,0
4/14/2019 10:00,1.064
4/14/2019 9:00,21.207
4/14/2019 8:00,40.815
4/14/2019 7:00,45.511
4/14/2019 6:00,37.385
4/14/2019 5:00,30.856
4/14/2019 4:00,30.336
4/14/2019 3:00,29.249
4/14/2019 2:00,29.358
4/14/2019 1:00,30.053
4/14/2019 0:00,35.636
4/13/2019 23:00,32.964
4/13/2019 22:00,33.164
4/13/2019 21:00,31.176
4/13/2019 20:00,31.118
4/13/2019 19:00,18.879
4/13/2019 18:00,12.242
4/13/2019 17:00,1.131
4/13/2019 16:00,0.05
4/13/2019 15:00,0
4/13/2019 14:00,0
4/13/2019 13:00,0
4/13/2019 12:00,0.068
4/13/2019 11:00,0.068
4/13/2019 10:00,0.258
4/13/2019 9:00,17.971
4/13/2019 8:00,30.225
4/13/2019 7:00,41.188
4/13/2019 6:00,41.852
4/13/2019 5:00,41.061
4/13/2019 4:00,37.913
4/13/2019 3:00,28.082
4/13/2019 2:00,27.51
4/13/2019 1:00,27.08
4/13/2019 0:00,27.961
4/12/2019 23:00,37.303
4/12/2019 22:00,23.69
4/12/2019 21:00,24.876
4/12/2019 20:00,26.004
4/12/2019 19:00,22.805
4/12/2019 18:00,14.87
4/12/2019 17:00,0.264
4/12/2019 16:00,0.009
4/12/2019 15:00,0
4/12/2019 14:00,0
4/12/2019 13:00,0
4/12/2019 12:00,0
4/12/2019 11:00,0.497
4/12/2019 10:00,8.518
4/12/2019 9:00,28.027
4/12/2019 8:00,43.339
4/12/2019 7:00,46.212
4/12/2019 6:00,35.736
4/12/2019 5:00,51.868
4/12/2019 4:00,44.25
4/12/2019 3:00,33.451
4/12/2019 2:00,29.853
4/12/2019 1:00,32.765
4/12/2019 0:00,34.316
4/11/2019 23:00,34.864
4/11/2019 22:00,37.985
4/11/2019 21:00,34.789
4/11/2019 20:00,35.98
4/11/2019 19:00,20.785
4/11/2019 18:00,9.289
4/11/2019 17:00,0.303
4/11/2019 16:00,1.501
4/11/2019 15:00,2.596
4/11/2019 14:00,7.712
4/11/2019 13:00,25.721
4/11/2019 12:00,26.249
4/11/2019 11:00,15.994
4/11/2019 10:00,33.627
4/11/2019 9:00,21.45
4/11/2019 8:00,27.778
4/11/2019 7:00,36.209
4/11/2019 6:00,33.103
4/11/2019 5:00,38.151
4/11/2019 4:00,32.376
4/11/2019 3:00,26.015
4/11/2019 2:00,33.05
4/11/2019 1:00,28.392
4/11/2019 0:00,39.938
4/10/2019 23:00,35.394
4/10/2019 22:00,32.71
4/10/2019 21:00,37.537
4/10/2019 20:00,37.906
4/10/2019 19:00,34.383
4/10/2019 18:00,24.225
4/10/2019 17:00,10.368
4/10/2019 16:00,2.492
4/10/2019 15:00,0.003
4/10/2019 14:00,3.368
4/10/2019 13:00,5.115
4/10/2019 12:00,0
4/10/2019 11:00,6.281
4/10/2019 10:00,7.66
4/10/2019 9:00,17.753
4/10/2019 8:00,32.577
4/10/2019 7:00,29.184
4/10/2019 6:00,39.056
4/10/2019 5:00,25.941
4/10/2019 4:00,25.749
4/10/2019 3:00,25.907
4/10/2019 2:00,27.581
4/10/2019 1:00,28.237
4/10/2019 0:00,28.406
4/9/2019 23:00,30.856
4/9/2019 22:00,35.96
4/9/2019 21:00,30.603
4/9/2019 20:00,25.059
4/9/2019 19:00,20.636
4/9/2019 18:00,7.456
4/9/2019 17:00,0
4/9/2019 16:00,0.569
4/9/2019 15:00,11.032
4/9/2019 14:00,0
4/9/2019 13:00,0
4/9/2019 12:00,0
4/9/2019 11:00,0.293
4/9/2019 10:00,3.934
4/9/2019 9:00,16.303
4/9/2019 8:00,38.414
4/9/2019 7:00,40.046
4/9/2019 6:00,30.859
4/9/2019 5:00,31.235
4/9/2019 4:00,33.896
4/9/2019 3:00,23.884
4/9/2019 2:00,24.484
4/9/2019 1:00,26.284
4/9/2019 0:00,28.049
4/8/2019 23:00,26.543
4/8/2019 22:00,20.374
4/8/2019 21:00,24.858
4/8/2019 20:00,22.061
4/8/2019 19:00,20.577
4/8/2019 18:00,15.641
4/8/2019 17:00,15.132
4/8/2019 16:00,2.411
4/8/2019 15:00,1.932
4/8/2019 14:00,4.567
4/8/2019 13:00,12.522
4/8/2019 12:00,5.011
4/8/2019 11:00,12.562
4/8/2019 10:00,5.337
4/8/2019 9:00,31.199
4/8/2019 8:00,36.386
4/8/2019 7:00,25.544
4/8/2019 6:00,25.683
4/8/2019 5:00,26.645
4/8/2019 4:00,26.636
4/8/2019 3:00,21.824
4/8/2019 2:00,22.612
4/8/2019 1:00,22.427
4/8/2019 0:00,23.066
4/7/2019 23:00,21.807
4/7/2019 22:00,22.19
4/7/2019 21:00,23.887
4/7/2019 20:00,25.332
4/7/2019 19:00,20.299
4/7/2019 18:00,14.484
4/7/2019 17:00,0.711
4/7/2019 16:00,0
4/7/2019 15:00,0
4/7/2019 14:00,0
4/7/2019 13:00,0
4/7/2019 12:00,0.385
4/7/2019 11:00,4.025
